-- phpMyAdmin SQL Dump
-- version 4.9.7
-- https://www.phpmyadmin.net/
--
-- 主機： localhost:3306
-- 產生時間： 2023 年 02 月 09 日 12:59
-- 伺服器版本： 5.7.41-log-cll-lve
-- PHP 版本： 7.4.33

SET SQL_MODE = "NO_AUTO_VALUE_ON_ZERO";
SET AUTOCOMMIT = 0;
START TRANSACTION;
SET time_zone = "+00:00";


/*!40101 SET @OLD_CHARACTER_SET_CLIENT=@@CHARACTER_SET_CLIENT */;
/*!40101 SET @OLD_CHARACTER_SET_RESULTS=@@CHARACTER_SET_RESULTS */;
/*!40101 SET @OLD_COLLATION_CONNECTION=@@COLLATION_CONNECTION */;
/*!40101 SET NAMES utf8mb4 */;

--
-- 資料庫： `atonline_uonlive`
--

-- --------------------------------------------------------

--
-- 資料表結構 `uonlive_admin`
--

CREATE TABLE `uonlive_admin` (
  `id` int(10) UNSIGNED NOT NULL,
  `username` varchar(255) NOT NULL,
  `email` varchar(255) CHARACTER SET latin1 COLLATE latin1_general_ci NOT NULL,
  `password` varchar(255) CHARACTER SET latin1 COLLATE latin1_general_ci NOT NULL,
  `image` varchar(255) DEFAULT NULL,
  `status` tinyint(4) NOT NULL DEFAULT '1',
  `remember_token` varchar(100) CHARACTER SET latin1 COLLATE latin1_general_ci DEFAULT NULL,
  `created_at` timestamp NULL DEFAULT NULL,
  `updated_at` timestamp NULL DEFAULT NULL
) ENGINE=InnoDB DEFAULT CHARSET=utf8mb4;

--
-- 傾印資料表的資料 `uonlive_admin`
--

INSERT INTO `uonlive_admin` (`id`, `username`, `email`, `password`, `image`, `status`, `remember_token`, `created_at`, `updated_at`) VALUES
(1, 'admin', 'developer@at-creative.com', '7c4a8d09ca3762af61e59520943dc26494f8941b', NULL, 1, NULL, '2021-08-31 18:50:02', '2021-10-18 02:41:51');

-- --------------------------------------------------------

--
-- 資料表結構 `uonlive_area`
--

CREATE TABLE `uonlive_area` (
  `id` int(11) NOT NULL,
  `name` varchar(255) NOT NULL
) ENGINE=InnoDB DEFAULT CHARSET=utf8mb4;

--
-- 傾印資料表的資料 `uonlive_area`
--

INSERT INTO `uonlive_area` (`id`, `name`) VALUES
(1, '中西區域'),
(2, '灣仔區域'),
(3, '東區區域'),
(4, '南區區域'),
(5, '九龍區域'),
(6, '新界區域'),
(7, '離島區域');

-- --------------------------------------------------------

--
-- 資料表結構 `uonlive_browsing_history`
--

CREATE TABLE `uonlive_browsing_history` (
  `id` int(11) NOT NULL,
  `member_id` int(11) NOT NULL,
  `page_type` varchar(1) CHARACTER SET latin1 COLLATE latin1_general_ci NOT NULL COMMENT 'c - category / s - service',
  `page_id` int(11) NOT NULL,
  `created_at` int(11) NOT NULL,
  `updated_at` int(11) NOT NULL
) ENGINE=InnoDB DEFAULT CHARSET=utf8mb4;

--
-- 傾印資料表的資料 `uonlive_browsing_history`
--

INSERT INTO `uonlive_browsing_history` (`id`, `member_id`, `page_type`, `page_id`, `created_at`, `updated_at`) VALUES
(1, 0, 'c', 2, 1672999401, 0),
(2, 1, 'c', 1, 1672999670, 0),
(3, 1, 'c', 4, 1673000439, 0),
(4, 0, 'c', 2, 1673003054, 0),
(5, 0, 'c', 2, 1673003071, 0),
(6, 0, 's', 2, 1673003108, 0),
(7, 0, 'c', 2, 1673003136, 0),
(8, 0, 's', 3, 1673003140, 0),
(9, 0, 'c', 2, 1673003156, 0),
(10, 0, 'c', 2, 1673003180, 0),
(11, 0, 'c', 9, 1673003191, 0),
(12, 0, 'c', 9, 1673003202, 0),
(13, 0, 's', 1, 1673003212, 0),
(14, 0, 'c', 9, 1673003215, 0),
(15, 0, 'c', 9, 1673003216, 0),
(16, 0, 'c', 2, 1673059332, 0),
(17, 0, 'c', 1, 1673061217, 0),
(18, 0, 'c', 9, 1673061224, 0),
(19, 0, 's', 4, 1673061290, 0),
(20, 0, 's', 4, 1673061312, 0),
(21, 0, 'c', 9, 1673061340, 0),
(22, 0, 'c', 8, 1673061360, 0),
(23, 0, 'c', 9, 1673062298, 0),
(24, 0, 'c', 16, 1673062316, 0),
(25, 0, 'c', 14, 1673063540, 0),
(26, 0, 's', 1, 1673063553, 0),
(27, 0, 'c', 14, 1673063568, 0),
(28, 0, 's', 4, 1673063584, 0),
(29, 0, 'c', 14, 1673063601, 0),
(30, 0, 'c', 16, 1673064073, 0),
(31, 0, 'c', 18, 1673064106, 0),
(32, 0, 'c', 9, 1673064831, 0),
(33, 0, 'c', 9, 1673064896, 0),
(34, 0, 'c', 16, 1673070566, 0),
(35, 0, 's', 5, 1673070571, 0),
(36, 0, 'c', 16, 1673070575, 0),
(37, 0, 'c', 12, 1673074637, 0),
(38, 0, 'c', 12, 1673074674, 0),
(39, 0, 'c', 19, 1673074941, 0),
(40, 0, 'c', 1, 1673074954, 0),
(41, 0, 'c', 1, 1673074964, 0),
(42, 0, 'c', 2, 1673074978, 0),
(43, 0, 'c', 1, 1673074983, 0),
(44, 0, 'c', 3, 1673075075, 0),
(45, 0, 'c', 1, 1673075077, 0),
(46, 0, 'c', 1, 1673075139, 0),
(47, 0, 'c', 19, 1673075179, 0),
(48, 0, 'c', 1, 1673077982, 0),
(49, 0, 'c', 2, 1673078005, 0),
(50, 0, 'c', 13, 1673078039, 0),
(51, 0, 'c', 13, 1673078061, 0),
(52, 0, 'c', 13, 1673078074, 0),
(53, 0, 'c', 19, 1673104761, 0),
(54, 0, 'c', 9, 1673110732, 0),
(55, 14, 'c', 9, 1673112714, 0),
(56, 0, 'c', 9, 1673116271, 0),
(57, 0, 's', 2, 1673116296, 0),
(58, 0, 'c', 9, 1673116305, 0),
(59, 0, 's', 6, 1673116309, 0),
(60, 0, 'c', 12, 1673141949, 0),
(61, 0, 's', 1, 1673141972, 0),
(62, 0, 'c', 12, 1673141994, 0),
(63, 0, 's', 1, 1673142043, 0),
(64, 0, 'c', 12, 1673142049, 0),
(65, 0, 's', 1, 1673142053, 0),
(66, 0, 'c', 12, 1673142054, 0),
(67, 0, 's', 1, 1673142055, 0),
(68, 0, 'c', 12, 1673142056, 0),
(69, 0, 's', 1, 1673142058, 0),
(70, 0, 'c', 12, 1673142058, 0),
(71, 0, 'c', 14, 1673178983, 0),
(72, 0, 'c', 9, 1673191766, 0),
(73, 25, 'c', 9, 1673193168, 0),
(74, 25, 's', 12, 1673193172, 0),
(75, 25, 'c', 9, 1673193269, 0),
(76, 25, 'c', 9, 1673193297, 0),
(77, 25, 's', 12, 1673193329, 0),
(78, 25, 'c', 9, 1673193333, 0),
(79, 25, 's', 12, 1673193397, 0),
(80, 25, 'c', 9, 1673193406, 0),
(81, 25, 's', 12, 1673193483, 0),
(82, 25, 'c', 9, 1673193556, 0),
(83, 25, 's', 12, 1673193560, 0),
(84, 25, 'c', 9, 1673193665, 0),
(85, 25, 's', 12, 1673193668, 0),
(86, 25, 'c', 9, 1673193798, 0),
(87, 25, 's', 5, 1673193821, 0),
(88, 25, 'c', 9, 1673193841, 0),
(89, 25, 's', 12, 1673193844, 0),
(90, 25, 'c', 9, 1673194096, 0),
(91, 25, 's', 12, 1673194100, 0),
(92, 25, 's', 12, 1673194154, 0),
(93, 25, 's', 12, 1673194175, 0),
(94, 25, 's', 12, 1673194320, 0),
(95, 25, 's', 12, 1673194526, 0),
(96, 25, 'c', 9, 1673195578, 0),
(97, 25, 's', 12, 1673195581, 0),
(98, 25, 'c', 9, 1673195770, 0),
(99, 25, 's', 12, 1673195773, 0),
(100, 25, 'c', 9, 1673195827, 0),
(101, 25, 's', 12, 1673195834, 0),
(102, 25, 'c', 9, 1673195856, 0),
(103, 25, 's', 12, 1673195860, 0),
(104, 0, 'c', 12, 1673196490, 0),
(105, 0, 'c', 9, 1673222018, 0),
(106, 0, 'c', 9, 1673222042, 0),
(107, 0, 's', 12, 1673222067, 0),
(108, 0, 'c', 2, 1673229454, 0),
(109, 0, 'c', 1, 1673229493, 0),
(110, 0, 'c', 1, 1673229506, 0),
(111, 0, 's', 4, 1673229508, 0),
(112, 0, 'c', 1, 1673229542, 0),
(113, 0, 'c', 1, 1673229563, 0),
(114, 0, 's', 2, 1673229565, 0),
(115, 0, 'c', 3, 1673229578, 0),
(116, 0, 'c', 3, 1673230185, 0),
(117, 0, 's', 5, 1673230199, 0),
(118, 0, 's', 5, 1673230226, 0),
(119, 0, 'c', 1, 1673230340, 0),
(120, 0, 's', 5, 1673230350, 0),
(121, 0, 'c', 1, 1673231759, 0),
(122, 0, 's', 12, 1673231768, 0),
(123, 0, 'c', 1, 1673231803, 0),
(124, 6, 'c', 2, 1673232035, 0),
(125, 6, 's', 1, 1673232039, 0),
(126, 6, 'c', 20, 1673234976, 0),
(127, 0, 'c', 9, 1673238903, 0),
(128, 27, 'c', 19, 1673239069, 0),
(129, 27, 'c', 19, 1673239075, 0),
(130, 27, 'c', 19, 1673239102, 0),
(131, 27, 'c', 2, 1673239114, 0),
(132, 27, 'c', 2, 1673239121, 0),
(133, 27, 'c', 7, 1673239144, 0),
(134, 27, 'c', 7, 1673239153, 0),
(135, 27, 'c', 19, 1673241324, 0),
(136, 27, 'c', 20, 1673241371, 0),
(137, 27, 'c', 19, 1673241374, 0),
(138, 27, 's', 12, 1673241386, 0),
(139, 27, 'c', 19, 1673241401, 0),
(140, 27, 's', 1, 1673241406, 0),
(141, 6, 'c', 2, 1673242083, 0),
(142, 6, 'c', 2, 1673242097, 0),
(143, 6, 'c', 2, 1673242107, 0),
(144, 6, 'c', 2, 1673242111, 0),
(145, 6, 'c', 2, 1673242120, 0),
(146, 6, 's', 3, 1673242122, 0),
(147, 6, 'c', 2, 1673242127, 0),
(148, 6, 's', 2, 1673242133, 0),
(149, 6, 'c', 2, 1673242137, 0),
(150, 6, 'c', 2, 1673242148, 0),
(151, 6, 'c', 4, 1673242178, 0),
(152, 6, 's', 2, 1673242182, 0),
(153, 0, 'c', 8, 1673253766, 0),
(154, 0, 'c', 9, 1673254851, 0),
(155, 0, 'c', 12, 1673254886, 0),
(156, 0, 'c', 9, 1673271494, 0),
(157, 0, 's', 12, 1673271502, 0),
(158, 0, 's', 12, 1673271534, 0),
(159, 0, 's', 5, 1673316269, 0),
(160, 0, 'c', 1, 1673316293, 0),
(161, 0, 's', 3, 1673316297, 0),
(162, 0, 'c', 1, 1673316306, 0),
(163, 0, 's', 5, 1673316310, 0),
(164, 0, 'c', 1, 1673316598, 0),
(165, 0, 's', 12, 1673316722, 0),
(166, 0, 'c', 1, 1673316726, 0),
(167, 0, 's', 5, 1673316729, 0),
(168, 0, 'c', 1, 1673316748, 0),
(169, 0, 's', 5, 1673316751, 0),
(170, 0, 'c', 1, 1673317567, 0),
(171, 0, 'c', 2, 1673317589, 0),
(172, 0, 'c', 2, 1673317709, 0),
(173, 0, 's', 6, 1673317712, 0),
(174, 0, 'c', 2, 1673317757, 0),
(175, 0, 's', 2, 1673317760, 0),
(176, 0, 'c', 2, 1673317767, 0),
(177, 0, 's', 5, 1673317773, 0),
(178, 0, 's', 5, 1673317800, 0),
(179, 0, 'c', 1, 1673317808, 0),
(180, 0, 's', 12, 1673317811, 0),
(181, 0, 'c', 3, 1673318958, 0),
(182, 0, 'c', 3, 1673319267, 0),
(183, 0, 'c', 3, 1673319284, 0),
(184, 0, 'c', 3, 1673319359, 0),
(185, 0, 'c', 2, 1673321008, 0),
(186, 0, 's', 4, 1673321036, 0),
(187, 0, 'c', 2, 1673321610, 0),
(188, 0, 'c', 4, 1673321637, 0),
(189, 0, 's', 3, 1673321654, 0),
(190, 0, 'c', 2, 1673321657, 0),
(191, 0, 's', 1, 1673321658, 0),
(192, 0, 'c', 2, 1673321664, 0),
(193, 0, 'c', 4, 1673321775, 0),
(194, 0, 's', 3, 1673322787, 0),
(195, 0, 'c', 2, 1673322790, 0),
(196, 0, 's', 4, 1673322798, 0),
(197, 0, 'c', 10, 1673323034, 0),
(198, 0, 'c', 10, 1673323044, 0),
(199, 0, 's', 5, 1673323055, 0),
(200, 0, 'c', 1, 1673323073, 0),
(201, 0, 'c', 9, 1673323084, 0),
(202, 0, 's', 5, 1673323093, 0),
(203, 0, 'c', 9, 1673323095, 0),
(204, 0, 'c', 2, 1673326642, 0),
(205, 0, 's', 5, 1673326654, 0),
(206, 0, 'c', 16, 1673327021, 0),
(207, 0, 's', 12, 1673327054, 0),
(208, 0, 'c', 2, 1673327381, 0),
(209, 0, 's', 5, 1673327394, 0),
(210, 0, 's', 5, 1673327414, 0),
(211, 0, 'c', 1, 1673328204, 0),
(212, 0, 'c', 19, 1673328254, 0),
(213, 30, 'c', 1, 1673328826, 0),
(214, 30, 'c', 2, 1673328831, 0),
(215, 30, 'c', 6, 1673328836, 0),
(216, 30, 'c', 9, 1673328838, 0),
(217, 30, 'c', 16, 1673328853, 0),
(218, 30, 'c', 2, 1673328878, 0),
(219, 30, 'c', 3, 1673329531, 0),
(220, 30, 'c', 2, 1673329533, 0),
(221, 30, 'c', 6, 1673329534, 0),
(222, 30, 'c', 10, 1673329535, 0),
(223, 30, 'c', 11, 1673329537, 0),
(224, 30, 'c', 13, 1673329538, 0),
(225, 30, 'c', 16, 1673329540, 0),
(226, 0, 'c', 9, 1673329632, 0),
(227, 0, 'c', 1, 1673329700, 0),
(228, 0, 'c', 18, 1673329709, 0),
(229, 0, 'c', 1, 1673329788, 0),
(230, 0, 'c', 1, 1673329788, 0),
(231, 0, 'c', 9, 1673329788, 0),
(232, 0, 'c', 14, 1673333120, 0),
(233, 0, 's', 5, 1673333126, 0),
(234, 0, 'c', 19, 1673333154, 0),
(235, 0, 'c', 1, 1673335498, 0),
(236, 0, 'c', 2, 1673336564, 0),
(237, 0, 's', 12, 1673336572, 0),
(238, 25, 'c', 10, 1673345593, 0),
(239, 25, 'c', 9, 1673345605, 0),
(240, 0, 'c', 9, 1673346317, 0),
(241, 0, 's', 12, 1673346329, 0),
(242, 25, 'c', 9, 1673349968, 0),
(243, 25, 's', 12, 1673349974, 0),
(244, 25, 'c', 9, 1673350321, 0),
(245, 0, 'c', 15, 1673353280, 0),
(246, 0, 'c', 8, 1673355256, 0),
(247, 0, 'c', 9, 1673355270, 0),
(248, 0, 'c', 3, 1673355312, 0),
(249, 0, 's', 12, 1673355321, 0),
(250, 0, 'c', 1, 1673356614, 0),
(251, 0, 's', 12, 1673356657, 0),
(252, 0, 'c', 9, 1673356703, 0),
(253, 0, 'c', 9, 1673356706, 0),
(254, 0, 'c', 1, 1673356710, 0),
(255, 0, 'c', 9, 1673356717, 0),
(256, 0, 's', 12, 1673356725, 0),
(257, 0, 'c', 9, 1673356769, 0),
(258, 0, 's', 12, 1673356776, 0),
(259, 0, 'c', 1, 1673356813, 0),
(260, 0, 'c', 1, 1673356846, 0),
(261, 0, 'c', 1, 1673356924, 0),
(262, 0, 'c', 14, 1673363979, 0),
(263, 29, 'c', 9, 1673368157, 0),
(264, 29, 'c', 9, 1673368167, 0),
(265, 29, 'c', 18, 1673368221, 0),
(266, 29, 'c', 9, 1673368290, 0),
(267, 0, 'c', 1, 1673368444, 0),
(268, 0, 'c', 2, 1673368462, 0),
(269, 0, 'c', 3, 1673368483, 0),
(270, 0, 'c', 4, 1673368498, 0),
(271, 0, 'c', 5, 1673368510, 0),
(272, 0, 'c', 6, 1673368522, 0),
(273, 0, 'c', 7, 1673368531, 0),
(274, 0, 'c', 8, 1673368539, 0),
(275, 0, 'c', 9, 1673368586, 0),
(276, 0, 'c', 10, 1673368596, 0),
(277, 0, 'c', 11, 1673368603, 0),
(278, 0, 'c', 12, 1673368612, 0),
(279, 0, 'c', 13, 1673368621, 0),
(280, 0, 'c', 14, 1673368632, 0),
(281, 0, 'c', 15, 1673368641, 0),
(282, 0, 'c', 16, 1673368650, 0),
(283, 0, 'c', 17, 1673368659, 0),
(284, 0, 'c', 18, 1673368668, 0),
(285, 0, 'c', 19, 1673368679, 0),
(286, 0, 'c', 20, 1673368689, 0),
(287, 0, 'c', 1, 1673409085, 0),
(288, 18, 'c', 16, 1673411557, 0),
(289, 18, 'c', 1, 1673411583, 0),
(290, 18, 'c', 19, 1673411622, 0),
(291, 18, 's', 12, 1673411637, 0),
(292, 18, 'c', 9, 1673411647, 0),
(293, 27, 'c', 19, 1673411723, 0),
(294, 27, 'c', 7, 1673411737, 0),
(295, 27, 'c', 19, 1673411743, 0),
(296, 31, 'c', 20, 1673411812, 0),
(297, 31, 'c', 1, 1673411827, 0),
(298, 31, 's', 12, 1673411847, 0),
(299, 27, 'c', 19, 1673411855, 0),
(300, 27, 'c', 19, 1673411866, 0),
(301, 27, 'c', 19, 1673411880, 0),
(302, 27, 'c', 12, 1673411889, 0),
(303, 27, 'c', 12, 1673411927, 0),
(304, 27, 'c', 19, 1673411937, 0),
(305, 31, 's', 12, 1673411955, 0),
(306, 27, 'c', 19, 1673412069, 0),
(307, 31, 'c', 1, 1673412115, 0),
(308, 31, 'c', 6, 1673412179, 0),
(309, 27, 'c', 19, 1673412201, 0),
(310, 31, 'c', 15, 1673412324, 0),
(311, 27, 'c', 19, 1673412405, 0),
(312, 31, 'c', 15, 1673412469, 0),
(313, 31, 'c', 20, 1673412488, 0),
(314, 31, 's', 1, 1673412545, 0),
(315, 27, 'c', 1, 1673412573, 0),
(316, 27, 'c', 9, 1673412578, 0),
(317, 27, 'c', 19, 1673412584, 0),
(318, 27, 'c', 1, 1673412593, 0),
(319, 27, 'c', 1, 1673412601, 0),
(320, 27, 'c', 16, 1673412607, 0),
(321, 0, 'c', 2, 1673415307, 0),
(322, 0, 'c', 2, 1673415322, 0),
(323, 0, 'c', 19, 1673417439, 0),
(324, 0, 'c', 20, 1673417571, 0),
(325, 0, 'c', 9, 1673418083, 0),
(326, 31, 's', 1, 1673418393, 0),
(327, 0, 'c', 17, 1673419241, 0),
(328, 25, 'c', 9, 1673419467, 0),
(329, 25, 'c', 9, 1673419876, 0),
(330, 25, 'c', 19, 1673419962, 0),
(331, 25, 'c', 19, 1673420021, 0),
(332, 25, 's', 12, 1673425867, 0),
(333, 31, 'c', 1, 1673426005, 0),
(334, 31, 'c', 11, 1673426279, 0),
(335, 31, 's', 12, 1673426289, 0),
(336, 31, 'c', 9, 1673426773, 0),
(337, 31, 's', 5, 1673426789, 0),
(338, 0, 'c', 1, 1673427227, 0),
(339, 0, 'c', 1, 1673435115, 0),
(340, 28, 'c', 9, 1673440814, 0),
(341, 28, 'c', 9, 1673440823, 0),
(342, 0, 'c', 4, 1673497781, 0),
(343, 0, 's', 5, 1673497786, 0),
(344, 0, 'c', 1, 1673509587, 0),
(345, 0, 's', 12, 1673509595, 0),
(346, 0, 'c', 4, 1673514538, 0),
(347, 0, 's', 12, 1673561976, 0),
(348, 0, 's', 5, 1673583408, 0),
(349, 0, 's', 5, 1673600602, 0),
(350, 0, 'c', 4, 1673606425, 0),
(351, 1, 'c', 1, 1673606970, 0),
(352, 1, 's', 1, 1673606978, 0),
(353, 1, 'c', 1, 1673607059, 0),
(354, 1, 's', 5, 1673607072, 0),
(355, 1, 's', 5, 1673607376, 0),
(356, 1, 's', 5, 1673607548, 0),
(357, 0, 's', 12, 1673678102, 0),
(358, 0, 'c', 14, 1673717494, 0),
(359, 0, 'c', 14, 1673744513, 0),
(360, 29, 'c', 9, 1673791796, 0),
(361, 29, 's', 12, 1673791806, 0),
(362, 29, 'c', 9, 1673792089, 0),
(363, 29, 'c', 9, 1673792094, 0),
(364, 29, 'c', 1, 1673792105, 0),
(365, 29, 's', 1, 1673792111, 0),
(366, 0, 'c', 1, 1673852327, 0),
(367, 0, 's', 12, 1673852333, 0),
(368, 0, 'c', 1, 1673852365, 0),
(369, 0, 'c', 1, 1673940869, 0),
(370, 0, 'c', 3, 1673940917, 0),
(371, 0, 'c', 1, 1673940950, 0),
(372, 0, 's', 6, 1673940956, 0),
(373, 0, 'c', 1, 1673940963, 0),
(374, 0, 's', 4, 1673940965, 0),
(375, 0, 'c', 1, 1673940968, 0),
(376, 0, 's', 2, 1673940969, 0),
(377, 0, 'c', 1, 1673940975, 0),
(378, 0, 's', 1, 1673940982, 0),
(379, 0, 'c', 1, 1673940995, 0),
(380, 0, 's', 12, 1673940997, 0),
(381, 0, 's', 12, 1673941064, 0),
(382, 0, 'c', 1, 1673963208, 0),
(383, 28, 'c', 9, 1673963596, 0),
(384, 28, 'c', 1, 1673964816, 0),
(385, 28, 'c', 1, 1673964818, 0),
(386, 28, 'c', 1, 1673964821, 0),
(387, 28, 'c', 1, 1673964823, 0),
(388, 28, 'c', 1, 1673964825, 0),
(389, 28, 'c', 1, 1673964827, 0),
(390, 0, 'c', 1, 1674026544, 0),
(391, 0, 'c', 1, 1674027158, 0),
(392, 0, 'c', 1, 1674043839, 0),
(393, 0, 's', 12, 1674043844, 0),
(394, 0, 'c', 1, 1674043882, 0),
(395, 0, 'c', 9, 1674201731, 0),
(396, 0, 'c', 9, 1674201966, 0),
(397, 0, 'c', 9, 1674202004, 0),
(398, 0, 's', 12, 1674202008, 0),
(399, 0, 'c', 2, 1674202022, 0),
(400, 30, 'c', 1, 1674222147, 0),
(401, 25, 'c', 9, 1674228184, 0),
(402, 0, 'c', 14, 1674229512, 0),
(403, 29, 'c', 2, 1674230359, 0),
(404, 29, 'c', 9, 1674230363, 0),
(405, 29, 'c', 9, 1674230787, 0),
(406, 29, 'c', 9, 1674231020, 0),
(407, 29, 'c', 9, 1674231062, 0),
(408, 0, 's', 12, 1674518412, 0),
(409, 0, 'c', 9, 1674621314, 0),
(410, 0, 'c', 4, 1674621320, 0),
(411, 0, 'c', 2, 1674793005, 0),
(412, 0, 's', 3, 1674793009, 0),
(413, 0, 'c', 19, 1674793018, 0),
(414, 0, 'c', 19, 1674793024, 0),
(415, 0, 'c', 1, 1674793030, 0),
(416, 0, 'c', 1, 1674793033, 0),
(417, 0, 'c', 1, 1674793036, 0),
(418, 0, 'c', 1, 1674793041, 0),
(419, 0, 'c', 1, 1674793042, 0),
(420, 0, 'c', 1, 1674793044, 0),
(421, 0, 'c', 1, 1674793046, 0),
(422, 0, 's', 12, 1674793050, 0),
(423, 0, 'c', 9, 1674793053, 0),
(424, 0, 'c', 4, 1674793091, 0),
(425, 0, 'c', 1, 1674793096, 0),
(426, 0, 'c', 1, 1674793110, 0),
(427, 0, 'c', 7, 1674793126, 0),
(428, 29, 'c', 9, 1674809627, 0),
(429, 29, 'c', 9, 1674809754, 0),
(430, 29, 'c', 1, 1674809758, 0),
(431, 29, 'c', 1, 1674809763, 0),
(432, 29, 'c', 1, 1674809772, 0),
(433, 29, 'c', 1, 1674809774, 0),
(434, 29, 'c', 1, 1674809780, 0),
(435, 29, 'c', 1, 1674809781, 0),
(436, 29, 'c', 1, 1674809784, 0),
(437, 29, 'c', 9, 1674809793, 0),
(438, 29, 'c', 1, 1674809797, 0),
(439, 29, 'c', 9, 1674809799, 0),
(440, 29, 'c', 9, 1674809808, 0),
(441, 29, 's', 12, 1674809815, 0),
(442, 29, 'c', 9, 1674809848, 0),
(443, 29, 'c', 9, 1674813703, 0),
(444, 29, 'c', 9, 1674832301, 0),
(445, 29, 's', 12, 1674832305, 0),
(446, 29, 'c', 9, 1674832538, 0),
(447, 29, 'c', 9, 1674832666, 0),
(448, 29, 'c', 9, 1674832732, 0),
(449, 29, 's', 12, 1674832733, 0),
(450, 29, 'c', 1, 1674832799, 0),
(451, 29, 'c', 9, 1674832807, 0),
(452, 29, 's', 12, 1674832809, 0),
(453, 29, 'c', 9, 1674833098, 0),
(454, 29, 'c', 9, 1674833121, 0),
(455, 29, 'c', 9, 1674833125, 0),
(456, 29, 'c', 9, 1674833137, 0),
(457, 29, 'c', 9, 1674833145, 0),
(458, 29, 'c', 9, 1674833150, 0),
(459, 29, 'c', 9, 1674833376, 0),
(460, 29, 'c', 9, 1674833657, 0),
(461, 29, 'c', 9, 1674833774, 0),
(462, 0, 'c', 9, 1674838873, 0),
(463, 0, 'c', 4, 1674840105, 0),
(464, 37, 'c', 9, 1674840680, 0),
(465, 0, 'c', 9, 1674862227, 0),
(466, 0, 'c', 18, 1674921257, 0),
(467, 0, 's', 12, 1674921263, 0),
(468, 0, 'c', 2, 1674921312, 0),
(469, 0, 's', 5, 1674921383, 0),
(470, 0, 'c', 1, 1674921447, 0),
(471, 0, 'c', 1, 1674921477, 0),
(472, 0, 's', 4, 1674921494, 0),
(473, 0, 's', 4, 1674921554, 0),
(474, 0, 'c', 3, 1674921569, 0),
(475, 0, 'c', 1, 1674921600, 0),
(476, 0, 'c', 1, 1674921603, 0),
(477, 0, 'c', 1, 1674921605, 0),
(478, 0, 'c', 1, 1674921606, 0),
(479, 0, 'c', 1, 1674921608, 0),
(480, 0, 'c', 1, 1674921609, 0),
(481, 0, 'c', 1, 1674921611, 0),
(482, 0, 'c', 1, 1674921612, 0),
(483, 0, 'c', 1, 1674921614, 0),
(484, 0, 'c', 1, 1674921614, 0),
(485, 0, 'c', 1, 1674921615, 0),
(486, 0, 'c', 1, 1674921616, 0),
(487, 0, 'c', 1, 1674921616, 0),
(488, 0, 'c', 1, 1674921617, 0),
(489, 0, 'c', 1, 1674921617, 0),
(490, 0, 'c', 1, 1674921618, 0),
(491, 0, 's', 12, 1674921620, 0),
(492, 0, 'c', 7, 1674921763, 0),
(493, 0, 'c', 1, 1674921766, 0),
(494, 0, 's', 2, 1674921773, 0),
(495, 0, 'c', 1, 1674921780, 0),
(496, 0, 's', 12, 1674921784, 0),
(497, 0, 'c', 3, 1674921831, 0),
(498, 0, 's', 5, 1674921837, 0),
(499, 0, 'c', 6, 1674921919, 0),
(500, 0, 's', 1, 1674921921, 0),
(501, 0, 'c', 6, 1674921966, 0),
(502, 0, 's', 12, 1674921975, 0),
(503, 0, 'c', 1, 1674922004, 0),
(504, 0, 'c', 1, 1674922056, 0),
(505, 0, 'c', 2, 1674922064, 0),
(506, 0, 's', 2, 1674922095, 0),
(507, 0, 'c', 15, 1674922146, 0),
(508, 0, 's', 12, 1674922155, 0),
(509, 0, 'c', 2, 1674922306, 0),
(510, 0, 's', 4, 1674922333, 0),
(511, 0, 'c', 3, 1674922527, 0),
(512, 0, 's', 5, 1674922718, 0),
(513, 0, 'c', 5, 1674922793, 0),
(514, 39, 'c', 4, 1674923440, 0),
(515, 39, 'c', 1, 1674923442, 0),
(516, 39, 'c', 1, 1674923452, 0),
(517, 39, 'c', 6, 1674923458, 0),
(518, 39, 'c', 1, 1674923460, 0),
(519, 39, 's', 2, 1674923464, 0),
(520, 39, 'c', 7, 1674923491, 0),
(521, 39, 'c', 1, 1674923570, 0),
(522, 39, 'c', 1, 1674923575, 0),
(523, 39, 'c', 1, 1674923576, 0),
(524, 39, 'c', 6, 1674923594, 0),
(525, 39, 's', 12, 1674923598, 0),
(526, 39, 'c', 4, 1674923636, 0),
(527, 39, 'c', 8, 1674923685, 0),
(528, 39, 's', 12, 1674923689, 0),
(529, 39, 'c', 12, 1674923717, 0),
(530, 39, 's', 1, 1674923728, 0),
(531, 39, 'c', 12, 1674923744, 0),
(532, 39, 'c', 1, 1674923765, 0),
(533, 39, 'c', 1, 1674923769, 0),
(534, 39, 'c', 1, 1674923770, 0),
(535, 39, 'c', 1, 1674923771, 0),
(536, 39, 'c', 12, 1674923777, 0),
(537, 39, 'c', 1, 1674923779, 0),
(538, 39, 'c', 1, 1674923780, 0),
(539, 39, 'c', 14, 1674923782, 0),
(540, 39, 'c', 1, 1674923787, 0),
(541, 39, 's', 2, 1674923788, 0),
(542, 39, 'c', 16, 1674923792, 0),
(543, 39, 's', 1, 1674923799, 0),
(544, 39, 'c', 7, 1674924649, 0),
(545, 39, 'c', 2, 1674924740, 0),
(546, 0, 'c', 5, 1675049723, 0),
(547, 0, 'c', 1, 1675049736, 0),
(548, 0, 'c', 2, 1675049748, 0),
(549, 0, 'c', 1, 1675051498, 0),
(550, 0, 'c', 1, 1675051513, 0),
(551, 0, 's', 12, 1675051515, 0),
(552, 0, 'c', 1, 1675051517, 0),
(553, 0, 'c', 1, 1675051521, 0),
(554, 0, 's', 1, 1675051522, 0),
(555, 0, 'c', 1, 1675051524, 0),
(556, 0, 'c', 1, 1675051999, 0),
(557, 0, 'c', 1, 1675052178, 0),
(558, 0, 'c', 1, 1675052183, 0),
(559, 0, 'c', 1, 1675052220, 0),
(560, 0, 'c', 1, 1675052337, 0),
(561, 0, 'c', 1, 1675053871, 0),
(562, 0, 'c', 12, 1675053899, 0),
(563, 0, 'c', 11, 1675053965, 0),
(564, 0, 'c', 5, 1675054109, 0),
(565, 0, 'c', 14, 1675054143, 0),
(566, 0, 'c', 5, 1675054301, 0),
(567, 0, 'c', 16, 1675054303, 0),
(568, 0, 'c', 3, 1675054487, 0),
(569, 0, 'c', 1, 1675054525, 0),
(570, 0, 'c', 2, 1675054530, 0),
(571, 0, 'c', 5, 1675054533, 0),
(572, 0, 'c', 6, 1675054537, 0),
(573, 1, 'c', 1, 1675054775, 0),
(574, 1, 'c', 4, 1675054990, 0),
(575, 1, 'c', 13, 1675054992, 0),
(576, 1, 'c', 17, 1675054995, 0),
(577, 1, 'c', 1, 1675054998, 0),
(578, 1, 'c', 1, 1675054999, 0),
(579, 1, 'c', 1, 1675055000, 0),
(580, 1, 'c', 1, 1675055001, 0),
(581, 1, 'c', 1, 1675055001, 0),
(582, 1, 'c', 1, 1675055002, 0),
(583, 1, 'c', 1, 1675055003, 0),
(584, 1, 's', 2, 1675055004, 0),
(585, 1, 'c', 1, 1675055006, 0),
(586, 1, 's', 3, 1675055008, 0),
(587, 1, 'c', 1, 1675055012, 0),
(588, 1, 'c', 1, 1675055013, 0),
(589, 1, 'c', 1, 1675055016, 0),
(590, 1, 'c', 1, 1675055188, 0),
(591, 1, 'c', 1, 1675055196, 0),
(592, 1, 'c', 1, 1675055199, 0),
(593, 1, 'c', 1, 1675055201, 0),
(594, 1, 'c', 1, 1675055202, 0),
(595, 1, 'c', 1, 1675055212, 0),
(596, 1, 'c', 1, 1675055215, 0),
(597, 1, 'c', 2, 1675055594, 0),
(598, 1, 'c', 1, 1675055596, 0),
(599, 1, 'c', 1, 1675055597, 0),
(600, 1, 'c', 1, 1675055598, 0),
(601, 1, 'c', 1, 1675055599, 0),
(602, 1, 'c', 2, 1675055678, 0),
(603, 1, 'c', 8, 1675055693, 0),
(604, 1, 'c', 1, 1675055706, 0),
(605, 1, 'c', 2, 1675055707, 0),
(606, 1, 'c', 17, 1675055717, 0),
(607, 0, 'c', 1, 1675060345, 0),
(608, 0, 'c', 1, 1675064255, 0),
(609, 0, 'c', 1, 1675064444, 0),
(610, 0, 'c', 1, 1675064446, 0),
(611, 0, 'c', 9, 1675069646, 0),
(612, 0, 'c', 1, 1675069657, 0),
(613, 0, 'c', 1, 1675069666, 0),
(614, 1, 'c', 1, 1675139756, 0),
(615, 1, 's', 1, 1675139759, 0),
(616, 1, 'c', 1, 1675139764, 0),
(617, 1, 's', 1, 1675139766, 0),
(618, 1, 'c', 1, 1675139780, 0),
(619, 1, 's', 1, 1675139785, 0),
(620, 1, 'c', 1, 1675139864, 0),
(621, 1, 'c', 1, 1675140074, 0),
(622, 0, 's', 5, 1675154113, 0),
(623, 0, 's', 5, 1675154140, 0),
(624, 0, 's', 5, 1675154211, 0),
(625, 5, 'c', 2, 1675154699, 0),
(626, 5, 's', 4, 1675154824, 0),
(627, 5, 'c', 2, 1675154859, 0),
(628, 5, 'c', 2, 1675155051, 0),
(629, 5, 's', 12, 1675155071, 0),
(630, 5, 'c', 2, 1675155837, 0),
(631, 0, 'c', 1, 1675162728, 0),
(632, 0, 'c', 14, 1675175366, 0),
(633, 0, 's', 4, 1675175382, 0),
(634, 0, 'c', 14, 1675175411, 0),
(635, 0, 'c', 14, 1675175424, 0),
(636, 0, 'c', 14, 1675211951, 0),
(637, 0, 'c', 1, 1675219239, 0),
(638, 0, 'c', 12, 1675219363, 0),
(639, 0, 'c', 1, 1675219407, 0),
(640, 0, 'c', 9, 1675219424, 0),
(641, 0, 'c', 6, 1675219515, 0),
(642, 0, 'c', 1, 1675219546, 0),
(643, 0, 'c', 20, 1675219557, 0),
(644, 0, 'c', 12, 1675219637, 0),
(645, 0, 'c', 12, 1675219662, 0),
(646, 0, 'c', 12, 1675219914, 0),
(647, 0, 'c', 3, 1675220086, 0),
(648, 40, 'c', 12, 1675221024, 0),
(649, 40, 'c', 1, 1675221104, 0),
(650, 40, 'c', 3, 1675221239, 0),
(651, 40, 'c', 1, 1675221246, 0),
(652, 40, 'c', 1, 1675221248, 0),
(653, 40, 'c', 1, 1675221251, 0),
(654, 40, 'c', 1, 1675221401, 0),
(655, 40, 'c', 1, 1675221402, 0),
(656, 40, 'c', 1, 1675221405, 0),
(657, 40, 'c', 1, 1675221405, 0),
(658, 40, 'c', 1, 1675221406, 0),
(659, 40, 'c', 1, 1675221408, 0),
(660, 40, 'c', 3, 1675221418, 0),
(661, 40, 'c', 5, 1675221593, 0),
(662, 40, 'c', 1, 1675221600, 0),
(663, 40, 'c', 1, 1675221602, 0),
(664, 40, 'c', 1, 1675221605, 0),
(665, 40, 'c', 9, 1675240725, 0),
(666, 40, 's', 4, 1675240736, 0),
(667, 40, 'c', 15, 1675241434, 0),
(668, 40, 'c', 15, 1675241468, 0),
(669, 40, 'c', 15, 1675241477, 0),
(670, 1, 'c', 1, 1675241527, 0),
(671, 1, 'c', 1, 1675241569, 0),
(672, 40, 'c', 15, 1675241683, 0),
(673, 40, 'c', 15, 1675241710, 0),
(674, 40, 'c', 15, 1675241742, 0),
(675, 40, 'c', 15, 1675241947, 0),
(676, 40, 'c', 15, 1675242376, 0),
(677, 40, 'c', 15, 1675242390, 0),
(678, 40, 'c', 1, 1675242423, 0),
(679, 40, 'c', 1, 1675242428, 0),
(680, 40, 'c', 1, 1675242431, 0),
(681, 40, 'c', 1, 1675242441, 0),
(682, 40, 'c', 1, 1675242455, 0),
(683, 40, 'c', 1, 1675242468, 0),
(684, 40, 'c', 1, 1675242476, 0),
(685, 40, 'c', 1, 1675242478, 0),
(686, 40, 'c', 1, 1675242480, 0),
(687, 40, 'c', 1, 1675242484, 0),
(688, 40, 'c', 1, 1675242486, 0),
(689, 40, 'c', 1, 1675242487, 0),
(690, 40, 'c', 1, 1675242488, 0),
(691, 40, 'c', 1, 1675242491, 0),
(692, 40, 'c', 1, 1675242492, 0),
(693, 40, 'c', 1, 1675242494, 0),
(694, 1, 'c', 1, 1675242576, 0),
(695, 40, 'c', 15, 1675242702, 0),
(696, 40, 'c', 15, 1675242707, 0),
(697, 40, 's', 12, 1675242868, 0),
(698, 40, 'c', 15, 1675242887, 0),
(699, 0, 'c', 9, 1675244756, 0),
(700, 0, 'c', 9, 1675244854, 0),
(701, 0, 'c', 9, 1675244932, 0),
(702, 0, 'c', 9, 1675244932, 0),
(703, 29, 'c', 9, 1675250733, 0),
(704, 29, 'c', 9, 1675250920, 0),
(705, 29, 'c', 9, 1675251190, 0),
(706, 29, 'c', 9, 1675253095, 0),
(707, 29, 's', 2, 1675253106, 0),
(708, 0, 'c', 9, 1675264558, 0),
(709, 0, 's', 1, 1675264668, 0),
(710, 0, 'c', 7, 1675264732, 0),
(711, 0, 's', 12, 1675264737, 0),
(712, 0, 's', 12, 1675264761, 0),
(713, 0, 'c', 5, 1675311465, 0),
(714, 0, 'c', 14, 1675335399, 0),
(715, 0, 'c', 1, 1675347727, 0),
(716, 0, 'c', 1, 1675347735, 0),
(717, 0, 'c', 1, 1675347870, 0),
(718, 28, 'c', 6, 1675400968, 0),
(719, 28, 'c', 15, 1675401033, 0),
(720, 28, 's', 4, 1675401036, 0),
(721, 28, 's', 4, 1675401088, 0),
(722, 28, 'c', 1, 1675401098, 0),
(723, 28, 'c', 9, 1675401114, 0),
(724, 28, 's', 1, 1675401124, 0),
(725, 28, 's', 1, 1675401135, 0),
(726, 28, 's', 1, 1675401141, 0),
(727, 28, 'c', 9, 1675401161, 0),
(728, 28, 'c', 9, 1675401166, 0),
(729, 28, 'c', 9, 1675401169, 0),
(730, 28, 's', 1, 1675401170, 0),
(731, 28, 'c', 9, 1675401174, 0),
(732, 28, 's', 5, 1675401176, 0),
(733, 28, 'c', 9, 1675401190, 0),
(734, 28, 'c', 9, 1675401197, 0),
(735, 28, 'c', 9, 1675401200, 0),
(736, 28, 'c', 9, 1675401212, 0),
(737, 28, 'c', 1, 1675401218, 0),
(738, 28, 'c', 1, 1675401220, 0),
(739, 28, 'c', 1, 1675401221, 0),
(740, 28, 'c', 1, 1675401223, 0),
(741, 28, 'c', 9, 1675401227, 0),
(742, 28, 'c', 1, 1675401230, 0),
(743, 28, 'c', 1, 1675401237, 0),
(744, 28, 'c', 9, 1675401238, 0),
(745, 0, 'c', 9, 1675407069, 0),
(746, 0, 'c', 9, 1675407089, 0),
(747, 0, 'c', 1, 1675409691, 0),
(748, 29, 'c', 9, 1675409865, 0),
(749, 29, 'c', 9, 1675409996, 0),
(750, 29, 's', 12, 1675410000, 0),
(751, 29, 'c', 9, 1675410011, 0),
(752, 29, 'c', 9, 1675410016, 0),
(753, 29, 's', 1, 1675410065, 0),
(754, 29, 'c', 9, 1675410122, 0),
(755, 29, 's', 13, 1675410158, 0),
(756, 29, 'c', 9, 1675410203, 0),
(757, 29, 's', 13, 1675410229, 0),
(758, 29, 's', 13, 1675410239, 0),
(759, 29, 's', 13, 1675410246, 0),
(760, 29, 's', 13, 1675410250, 0),
(761, 29, 'c', 9, 1675410277, 0),
(762, 29, 'c', 9, 1675410280, 0),
(763, 29, 'c', 9, 1675410288, 0),
(764, 29, 's', 1, 1675410320, 0),
(765, 29, 'c', 9, 1675410370, 0),
(766, 29, 'c', 9, 1675410390, 0),
(767, 29, 'c', 9, 1675410400, 0),
(768, 29, 'c', 1, 1675410401, 0),
(769, 29, 'c', 1, 1675410408, 0),
(770, 29, 's', 13, 1675410417, 0),
(771, 29, 'c', 1, 1675410451, 0),
(772, 29, 'c', 1, 1675410464, 0),
(773, 29, 's', 5, 1675410476, 0),
(774, 29, 'c', 1, 1675410489, 0),
(775, 29, 's', 13, 1675410489, 0),
(776, 29, 'c', 1, 1675410497, 0),
(777, 29, 's', 12, 1675410499, 0),
(778, 29, 'c', 1, 1675410505, 0),
(779, 29, 's', 13, 1675410506, 0),
(780, 29, 'c', 9, 1675410640, 0),
(781, 29, 'c', 9, 1675410648, 0),
(782, 29, 'c', 9, 1675410662, 0),
(783, 29, 'c', 9, 1675410693, 0),
(784, 29, 'c', 1, 1675410700, 0),
(785, 29, 'c', 1, 1675410710, 0),
(786, 29, 'c', 1, 1675410733, 0),
(787, 29, 'c', 9, 1675410844, 0),
(788, 29, 's', 13, 1675410849, 0),
(789, 29, 'c', 1, 1675410862, 0),
(790, 29, 'c', 1, 1675410865, 0),
(791, 29, 'c', 9, 1675410870, 0),
(792, 29, 'c', 9, 1675410894, 0),
(793, 29, 'c', 9, 1675410902, 0),
(794, 29, 'c', 9, 1675410917, 0),
(795, 29, 'c', 9, 1675410922, 0),
(796, 29, 'c', 9, 1675410925, 0),
(797, 29, 'c', 9, 1675410930, 0),
(798, 29, 'c', 9, 1675410941, 0),
(799, 29, 'c', 9, 1675411014, 0),
(800, 29, 'c', 9, 1675411020, 0),
(801, 29, 'c', 1, 1675411022, 0),
(802, 29, 's', 13, 1675411025, 0),
(803, 29, 'c', 1, 1675411028, 0),
(804, 29, 'c', 1, 1675411030, 0),
(805, 29, 'c', 9, 1675411032, 0),
(806, 29, 'c', 9, 1675411040, 0),
(807, 29, 'c', 1, 1675411041, 0),
(808, 29, 'c', 9, 1675411044, 0),
(809, 29, 'c', 9, 1675411065, 0),
(810, 29, 'c', 9, 1675411073, 0),
(811, 29, 'c', 9, 1675411079, 0),
(812, 29, 'c', 9, 1675411255, 0),
(813, 29, 'c', 9, 1675411258, 0),
(814, 29, 'c', 9, 1675411509, 0),
(815, 29, 's', 1, 1675411511, 0),
(816, 29, 'c', 9, 1675411514, 0),
(817, 29, 's', 1, 1675411517, 0),
(818, 29, 'c', 9, 1675411523, 0),
(819, 29, 's', 1, 1675411525, 0),
(820, 29, 'c', 9, 1675411529, 0),
(821, 29, 'c', 9, 1675411542, 0),
(822, 29, 's', 13, 1675411546, 0),
(823, 29, 'c', 9, 1675411547, 0),
(824, 29, 'c', 1, 1675411549, 0),
(825, 29, 'c', 9, 1675411550, 0),
(826, 29, 'c', 9, 1675411909, 0),
(827, 29, 'c', 9, 1675411919, 0),
(828, 29, 'c', 9, 1675411926, 0),
(829, 29, 'c', 9, 1675411934, 0),
(830, 29, 'c', 9, 1675411945, 0),
(831, 29, 'c', 9, 1675411954, 0),
(832, 29, 's', 13, 1675411958, 0),
(833, 29, 'c', 9, 1675412101, 0),
(834, 29, 'c', 9, 1675412114, 0),
(835, 29, 'c', 8, 1675412152, 0),
(836, 29, 'c', 9, 1675412162, 0),
(837, 29, 'c', 9, 1675412169, 0),
(838, 29, 'c', 9, 1675412187, 0),
(839, 29, 's', 12, 1675412190, 0),
(840, 29, 'c', 9, 1675412198, 0),
(841, 29, 'c', 1, 1675412205, 0),
(842, 29, 'c', 1, 1675412211, 0),
(843, 0, 'c', 1, 1675412407, 0),
(844, 0, 'c', 1, 1675412416, 0),
(845, 29, 's', 13, 1675412624, 0),
(846, 29, 'c', 1, 1675412626, 0),
(847, 29, 'c', 1, 1675412628, 0),
(848, 29, 's', 1, 1675412629, 0),
(849, 29, 'c', 1, 1675412630, 0),
(850, 29, 'c', 9, 1675412872, 0),
(851, 29, 's', 12, 1675412900, 0),
(852, 29, 's', 13, 1675412909, 0),
(853, 29, 'c', 1, 1675412917, 0),
(854, 29, 'c', 9, 1675412924, 0),
(855, 29, 'c', 9, 1675412930, 0),
(856, 29, 'c', 9, 1675412962, 0),
(857, 0, 'c', 8, 1675413369, 0),
(858, 0, 'c', 8, 1675413390, 0),
(859, 0, 'c', 8, 1675413410, 0),
(860, 0, 'c', 8, 1675413423, 0),
(861, 0, 'c', 8, 1675413477, 0),
(862, 0, 'c', 8, 1675413497, 0),
(863, 0, 'c', 8, 1675413507, 0),
(864, 0, 'c', 8, 1675413511, 0),
(865, 0, 'c', 8, 1675413611, 0),
(866, 0, 'c', 8, 1675413623, 0),
(867, 0, 'c', 8, 1675413627, 0),
(868, 29, 'c', 9, 1675413661, 0),
(869, 29, 'c', 9, 1675413668, 0),
(870, 29, 'c', 9, 1675413676, 0),
(871, 29, 's', 1, 1675413679, 0),
(872, 29, 'c', 9, 1675413682, 0),
(873, 29, 'c', 9, 1675413684, 0),
(874, 0, 'c', 8, 1675413832, 0),
(875, 0, 'c', 8, 1675413845, 0),
(876, 0, 'c', 8, 1675413852, 0),
(877, 0, 'c', 8, 1675414098, 0),
(878, 0, 'c', 8, 1675414105, 0),
(879, 0, 'c', 1, 1675414137, 0),
(880, 0, 'c', 1, 1675414139, 0),
(881, 0, 'c', 8, 1675414156, 0),
(882, 0, 'c', 1, 1675414160, 0),
(883, 0, 'c', 8, 1675414164, 0),
(884, 0, 'c', 8, 1675414277, 0),
(885, 0, 'c', 8, 1675415456, 0),
(886, 0, 's', 1, 1675415461, 0),
(887, 0, 'c', 8, 1675415464, 0),
(888, 0, 'c', 8, 1675415474, 0),
(889, 0, 's', 1, 1675415475, 0),
(890, 0, 's', 1, 1675415493, 0),
(891, 0, 's', 1, 1675415527, 0),
(892, 0, 's', 1, 1675415572, 0),
(893, 0, 's', 13, 1675415659, 0),
(894, 0, 'c', 9, 1675415674, 0),
(895, 0, 'c', 1, 1675415678, 0),
(896, 0, 'c', 8, 1675415725, 0),
(897, 0, 'c', 8, 1675415751, 0),
(898, 0, 's', 13, 1675415800, 0),
(899, 0, 's', 12, 1675415855, 0),
(900, 0, 'c', 10, 1675416099, 0),
(901, 0, 'c', 10, 1675416110, 0),
(902, 0, 'c', 9, 1675416154, 0),
(903, 0, 'c', 9, 1675416171, 0),
(904, 29, 'c', 9, 1675423759, 0),
(905, 29, 'c', 9, 1675423769, 0),
(906, 29, 'c', 9, 1675425469, 0),
(907, 0, 'c', 9, 1675425520, 0),
(908, 0, 'c', 9, 1675425543, 0),
(909, 0, 'c', 9, 1675425551, 0),
(910, 0, 'c', 9, 1675425690, 0),
(911, 0, 'c', 9, 1675425703, 0),
(912, 0, 'c', 1, 1675425744, 0),
(913, 0, 'c', 1, 1675425746, 0),
(914, 0, 'c', 1, 1675425750, 0),
(915, 0, 'c', 1, 1675425754, 0),
(916, 0, 'c', 1, 1675425758, 0),
(917, 0, 'c', 1, 1675425923, 0),
(918, 0, 'c', 1, 1675425927, 0),
(919, 0, 's', 13, 1675430962, 0),
(920, 0, 's', 13, 1675430969, 0),
(921, 0, 's', 13, 1675430971, 0),
(922, 0, 'c', 9, 1675430994, 0),
(923, 0, 'c', 1, 1675431114, 0),
(924, 0, 'c', 1, 1675431134, 0),
(925, 0, 'c', 1, 1675431198, 0),
(926, 0, 'c', 1, 1675431358, 0),
(927, 0, 'c', 9, 1675432134, 0),
(928, 0, 'c', 1, 1675487472, 0),
(929, 0, 'c', 1, 1675487474, 0),
(930, 0, 'c', 1, 1675487503, 0),
(931, 0, 'c', 1, 1675487535, 0),
(932, 0, 'c', 1, 1675487537, 0),
(933, 0, 'c', 8, 1675487573, 0),
(934, 0, 'c', 8, 1675487600, 0),
(935, 0, 'c', 8, 1675487620, 0),
(936, 0, 'c', 1, 1675487761, 0),
(937, 0, 'c', 9, 1675495637, 0),
(938, 0, 'c', 8, 1675497815, 0),
(939, 0, 'c', 8, 1675501753, 0),
(940, 0, 's', 1, 1675501757, 0),
(941, 0, 'c', 8, 1675502930, 0),
(942, 0, 'c', 9, 1675599110, 0),
(943, 0, 'c', 9, 1675599244, 0),
(944, 0, 'c', 9, 1675599244, 0),
(945, 0, 'c', 9, 1675599244, 0),
(946, 0, 'c', 9, 1675609290, 0),
(947, 0, 's', 13, 1675609328, 0),
(948, 0, 's', 13, 1675609349, 0),
(949, 0, 's', 13, 1675609359, 0),
(950, 25, 'c', 2, 1675609963, 0),
(951, 25, 's', 12, 1675610032, 0),
(952, 25, 's', 12, 1675610040, 0),
(953, 25, 'c', 3, 1675610226, 0),
(954, 25, 'c', 9, 1675610233, 0),
(955, 25, 'c', 9, 1675610238, 0),
(956, 25, 'c', 9, 1675610241, 0),
(957, 25, 'c', 9, 1675610247, 0),
(958, 25, 'c', 9, 1675610250, 0),
(959, 25, 'c', 9, 1675610258, 0),
(960, 25, 's', 13, 1675610465, 0),
(961, 25, 's', 12, 1675610567, 0),
(962, 25, 'c', 10, 1675610896, 0),
(963, 25, 'c', 1, 1675610901, 0),
(964, 25, 'c', 1, 1675610908, 0),
(965, 25, 'c', 1, 1675610910, 0),
(966, 25, 'c', 9, 1675611684, 0),
(967, 25, 'c', 9, 1675611716, 0),
(968, 25, 'c', 18, 1675611931, 0),
(969, 25, 'c', 3, 1675611958, 0),
(970, 25, 'c', 3, 1675612156, 0),
(971, 25, 's', 12, 1675612170, 0),
(972, 25, 'c', 3, 1675612172, 0),
(973, 25, 's', 12, 1675612174, 0),
(974, 25, 'c', 3, 1675612215, 0),
(975, 25, 'c', 1, 1675612231, 0),
(976, 25, 'c', 1, 1675612233, 0),
(977, 25, 'c', 1, 1675612235, 0),
(978, 25, 'c', 1, 1675612237, 0),
(979, 25, 'c', 1, 1675612248, 0),
(980, 25, 'c', 1, 1675612255, 0),
(981, 25, 'c', 1, 1675612259, 0),
(982, 25, 'c', 1, 1675612263, 0),
(983, 25, 'c', 1, 1675612267, 0),
(984, 25, 's', 13, 1675612270, 0),
(985, 25, 'c', 1, 1675612272, 0),
(986, 25, 'c', 1, 1675612274, 0),
(987, 25, 's', 12, 1675612280, 0),
(988, 25, 'c', 1, 1675612287, 0),
(989, 25, 'c', 1, 1675612291, 0),
(990, 25, 'c', 1, 1675612292, 0),
(991, 25, 'c', 1, 1675612293, 0),
(992, 0, 'c', 9, 1675642132, 0),
(993, 0, 'c', 9, 1675642151, 0),
(994, 0, 's', 4, 1675642160, 0),
(995, 0, 'c', 9, 1675642171, 0),
(996, 0, 's', 13, 1675642189, 0),
(997, 0, 'c', 9, 1675659654, 0),
(998, 0, 's', 5, 1675659661, 0),
(999, 0, 'c', 1, 1675672593, 0),
(1000, 29, 'c', 9, 1675692648, 0),
(1001, 29, 'c', 9, 1675704718, 0),
(1002, 29, 'c', 9, 1675704763, 0),
(1003, 0, 'c', 1, 1675753026, 0),
(1004, 0, 'c', 9, 1675765595, 0),
(1005, 0, 'c', 1, 1675828143, 0),
(1006, 0, 'c', 1, 1675828271, 0),
(1007, 0, 's', 13, 1675828280, 0),
(1008, 0, 'c', 11, 1675834761, 0),
(1009, 0, 'c', 1, 1675834782, 0),
(1010, 0, 'c', 3, 1675834793, 0),
(1011, 0, 'c', 1, 1675834809, 0),
(1012, 0, 'c', 4, 1675834834, 0),
(1013, 0, 'c', 4, 1675834876, 0),
(1014, 0, 'c', 3, 1675834930, 0),
(1015, 0, 'c', 3, 1675834934, 0),
(1016, 0, 'c', 3, 1675843870, 0),
(1017, 0, 's', 12, 1675843882, 0),
(1018, 0, 'c', 3, 1675843899, 0),
(1019, 0, 'c', 3, 1675843937, 0),
(1020, 0, 'c', 1, 1675843949, 0),
(1021, 0, 'c', 3, 1675843965, 0),
(1022, 0, 'c', 16, 1675843975, 0),
(1023, 0, 's', 12, 1675843980, 0),
(1024, 0, 'c', 11, 1675844404, 0),
(1025, 0, 'c', 17, 1675844554, 0),
(1026, 0, 'c', 12, 1675844977, 0),
(1027, 0, 'c', 13, 1675845537, 0),
(1028, 0, 'c', 2, 1675845933, 0),
(1029, 0, 'c', 2, 1675846590, 0),
(1030, 0, 'c', 1, 1675848436, 0),
(1031, 0, 'c', 2, 1675848445, 0),
(1032, 0, 'c', 3, 1675848451, 0),
(1033, 0, 'c', 4, 1675848456, 0),
(1034, 0, 'c', 4, 1675848616, 0),
(1035, 0, 'c', 1, 1675849176, 0),
(1036, 0, 'c', 2, 1675849183, 0),
(1037, 0, 'c', 3, 1675849190, 0),
(1038, 0, 'c', 3, 1675849195, 0),
(1039, 0, 'c', 4, 1675849196, 0),
(1040, 0, 'c', 5, 1675849200, 0),
(1041, 0, 'c', 6, 1675849204, 0),
(1042, 0, 'c', 7, 1675849208, 0),
(1043, 0, 'c', 8, 1675849214, 0),
(1044, 0, 'c', 9, 1675849222, 0),
(1045, 0, 's', 12, 1675849275, 0),
(1046, 0, 'c', 9, 1675850577, 0),
(1047, 0, 'c', 9, 1675850587, 0),
(1048, 0, 'c', 9, 1675850591, 0),
(1049, 0, 'c', 9, 1675850713, 0),
(1050, 0, 'c', 9, 1675850715, 0),
(1051, 0, 'c', 9, 1675850720, 0),
(1052, 0, 'c', 9, 1675850724, 0),
(1053, 0, 'c', 9, 1675850728, 0),
(1054, 0, 'c', 9, 1675850731, 0),
(1055, 0, 'c', 9, 1675850736, 0),
(1056, 0, 'c', 9, 1675850739, 0),
(1057, 0, 'c', 9, 1675850743, 0),
(1058, 0, 'c', 9, 1675850748, 0),
(1059, 0, 'c', 9, 1675850751, 0),
(1060, 0, 'c', 9, 1675850756, 0),
(1061, 0, 'c', 9, 1675850761, 0),
(1062, 0, 's', 12, 1675850765, 0),
(1063, 0, 's', 12, 1675850787, 0),
(1064, 0, 'c', 9, 1675850798, 0),
(1065, 0, 's', 12, 1675850800, 0),
(1066, 0, 'c', 9, 1675850802, 0),
(1067, 0, 's', 13, 1675850804, 0),
(1068, 0, 'c', 9, 1675850810, 0),
(1069, 0, 's', 5, 1675850814, 0),
(1070, 0, 'c', 9, 1675850822, 0),
(1071, 0, 's', 5, 1675850826, 0),
(1072, 0, 'c', 9, 1675850830, 0),
(1073, 0, 'c', 1, 1675850831, 0),
(1074, 0, 'c', 1, 1675850837, 0),
(1075, 1, 'c', 1, 1675851006, 0),
(1076, 1, 'c', 9, 1675851011, 0),
(1077, 1, 'c', 9, 1675851023, 0),
(1078, 1, 'c', 1, 1675851526, 0),
(1079, 1, 's', 3, 1675851529, 0),
(1080, 1, 'c', 1, 1675851538, 0),
(1081, 1, 'c', 1, 1675851543, 0),
(1082, 1, 'c', 1, 1675851547, 0),
(1083, 1, 'c', 1, 1675851551, 0),
(1084, 1, 'c', 1, 1675851555, 0),
(1085, 1, 'c', 1, 1675851561, 0),
(1086, 1, 'c', 1, 1675851566, 0),
(1087, 1, 'c', 1, 1675851571, 0),
(1088, 1, 'c', 1, 1675851577, 0),
(1089, 1, 'c', 1, 1675851590, 0),
(1090, 1, 'c', 18, 1675851599, 0),
(1091, 1, 's', 1, 1675851602, 0),
(1092, 1, 'c', 18, 1675851627, 0),
(1093, 1, 'c', 1, 1675851630, 0),
(1094, 1, 'c', 9, 1675851633, 0),
(1095, 1, 's', 12, 1675851637, 0),
(1096, 1, 'c', 9, 1675851640, 0),
(1097, 1, 's', 12, 1675851642, 0),
(1098, 1, 'c', 9, 1675851646, 0),
(1099, 1, 's', 13, 1675851648, 0),
(1100, 1, 'c', 9, 1675851654, 0),
(1101, 1, 's', 5, 1675851655, 0),
(1102, 1, 'c', 9, 1675851660, 0),
(1103, 1, 'c', 1, 1675852031, 0),
(1104, 1, 'c', 9, 1675852035, 0),
(1105, 1, 'c', 9, 1675852049, 0),
(1106, 1, 'c', 1, 1675852964, 0),
(1107, 1, 'c', 1, 1675853123, 0),
(1108, 1, 'c', 9, 1675853127, 0),
(1109, 1, 'c', 9, 1675853134, 0),
(1110, 1, 's', 13, 1675853228, 0),
(1111, 1, 'c', 9, 1675853244, 0),
(1112, 1, 'c', 9, 1675853453, 0),
(1113, 1, 's', 12, 1675853456, 0),
(1114, 1, 's', 12, 1675853581, 0),
(1115, 1, 's', 12, 1675853911, 0),
(1116, 1, 's', 12, 1675853918, 0),
(1117, 1, 'c', 9, 1675853925, 0),
(1118, 1, 'c', 9, 1675853945, 0),
(1119, 1, 's', 12, 1675853949, 0),
(1120, 1, 's', 12, 1675853958, 0),
(1121, 1, 's', 12, 1675853962, 0),
(1122, 1, 'c', 1, 1675854129, 0),
(1123, 0, 'c', 1, 1675854582, 0),
(1124, 0, 'c', 9, 1675854604, 0),
(1125, 0, 'c', 9, 1675854636, 0),
(1126, 0, 'c', 9, 1675854644, 0),
(1127, 0, 's', 5, 1675854650, 0),
(1128, 0, 's', 5, 1675854658, 0),
(1129, 0, 'c', 9, 1675854659, 0),
(1130, 0, 's', 12, 1675854697, 0),
(1131, 0, 'c', 9, 1675854707, 0),
(1132, 0, 'c', 9, 1675854723, 0),
(1133, 0, 'c', 9, 1675854732, 0),
(1134, 0, 'c', 9, 1675854773, 0),
(1135, 0, 'c', 9, 1675854777, 0),
(1136, 0, 'c', 9, 1675854797, 0),
(1137, 0, 'c', 9, 1675854808, 0),
(1138, 0, 'c', 9, 1675854812, 0),
(1139, 0, 'c', 2, 1675854872, 0),
(1140, 0, 'c', 3, 1675854943, 0),
(1141, 0, 'c', 9, 1675854963, 0),
(1142, 0, 's', 12, 1675854967, 0),
(1143, 0, 'c', 9, 1675854973, 0),
(1144, 0, 'c', 18, 1675854988, 0),
(1145, 0, 'c', 18, 1675854993, 0),
(1146, 0, 's', 1, 1675855036, 0),
(1147, 0, 'c', 18, 1675855039, 0),
(1148, 0, 's', 1, 1675855045, 0),
(1149, 0, 'c', 18, 1675855048, 0),
(1150, 0, 's', 1, 1675855075, 0),
(1151, 0, 'c', 18, 1675855078, 0),
(1152, 0, 'c', 1, 1675855137, 0),
(1153, 0, 'c', 9, 1675855143, 0),
(1154, 0, 's', 13, 1675855179, 0),
(1155, 0, 'c', 2, 1675855196, 0),
(1156, 0, 'c', 1, 1675855262, 0),
(1157, 0, 'c', 1, 1675855318, 0),
(1158, 1, 's', 12, 1675855558, 0),
(1159, 1, 's', 12, 1675855562, 0),
(1160, 1, 'c', 13, 1675855608, 0),
(1161, 1, 'c', 9, 1675855614, 0),
(1162, 1, 's', 12, 1675855652, 0),
(1163, 1, 'c', 18, 1675855805, 0),
(1164, 1, 's', 1, 1675855809, 0),
(1165, 0, 'c', 9, 1675856024, 0),
(1166, 0, 'c', 9, 1675856224, 0),
(1167, 0, 'c', 9, 1675856229, 0),
(1168, 1, 'c', 1, 1675856422, 0),
(1169, 1, 'c', 9, 1675856425, 0),
(1170, 0, 'c', 9, 1675913023, 0),
(1171, 0, 'c', 9, 1675913069, 0),
(1172, 0, 'c', 9, 1675913075, 0),
(1173, 0, 'c', 9, 1675913086, 0),
(1174, 0, 'c', 9, 1675913110, 0),
(1175, 0, 'c', 9, 1675913113, 0),
(1176, 0, 's', 4, 1675913176, 0),
(1177, 0, 's', 1, 1675913332, 0),
(1178, 1, 'c', 1, 1675913683, 0),
(1179, 1, 'c', 9, 1675913687, 0),
(1180, 0, 'c', 9, 1675916245, 0),
(1181, 0, 'c', 9, 1675916623, 0),
(1182, 0, 'c', 9, 1675916639, 0);

-- --------------------------------------------------------

--
-- 資料表結構 `uonlive_contact`
--

CREATE TABLE `uonlive_contact` (
  `id` int(11) NOT NULL,
  `email` varchar(255) NOT NULL,
  `created_at` int(11) NOT NULL,
  `updated_at` int(11) NOT NULL
) ENGINE=InnoDB DEFAULT CHARSET=utf8mb4;

--
-- 傾印資料表的資料 `uonlive_contact`
--

INSERT INTO `uonlive_contact` (`id`, `email`, `created_at`, `updated_at`) VALUES
(1, 'aaa@bbb.ccom', 1675849124, 0),
(2, 'aa@bbb.com', 1675856096, 0);

-- --------------------------------------------------------

--
-- 資料表結構 `uonlive_conversion`
--

CREATE TABLE `uonlive_conversion` (
  `id` int(11) NOT NULL,
  `message_type` varchar(10) CHARACTER SET latin1 COLLATE latin1_general_ci NOT NULL COMMENT 'ask / reply',
  `parent_id` int(11) NOT NULL,
  `member_id` int(11) NOT NULL,
  `provider_id` int(11) NOT NULL,
  `title` varchar(255) NOT NULL,
  `message_uri` varchar(300) NOT NULL,
  `message` text NOT NULL,
  `is_read` tinyint(4) NOT NULL,
  `created_at` int(11) NOT NULL,
  `read_at` int(11) NOT NULL
) ENGINE=InnoDB DEFAULT CHARSET=utf8mb4;

--
-- 傾印資料表的資料 `uonlive_conversion`
--

INSERT INTO `uonlive_conversion` (`id`, `message_type`, `parent_id`, `member_id`, `provider_id`, `title`, `message_uri`, `message`, `is_read`, `created_at`, `read_at`) VALUES
(1, 'ask', 0, 1, 1, '測試', '1985f0f90e__測試', '<p>測試發送留言</p>', 1, 1673607006, 0),
(2, 'reply', 1, 1, 1, '', '5bfb625ebb__', '<p>成功</p>', 0, 1673607034, 0),
(3, 'ask', 0, 39, 1, '我想去日本', '9267dfec92__我想去日本', '<p>我想去日本，想買機票和酒店套餐。</p>', 0, 1674923830, 0),
(4, 'ask', 0, 5, 1, 'buy a house', '51be9f00f5__buy-a-house', '<p>do you have any recommendation about 15Millions apartment near the TST center</p>', 0, 1675154810, 0),
(5, 'ask', 0, 5, 13, 'buy a house', '648bebe7ad__buy-a-house', '<p>do you have any recommendation about 15Millions apartment near the TST center</p>', 1, 1675154810, 0),
(6, 'ask', 0, 5, 4, 'buy a house', 'df475d95bc__buy-a-house', '<p>do you have any recommendation about 15Millions apartment near the TST center</p>', 0, 1675154810, 0),
(7, 'ask', 0, 5, 2, 'buy a house', 'faab23dffc__buy-a-house', '<p>do you have any recommendation about 15Millions apartment near the TST center</p>', 0, 1675154810, 0),
(8, 'ask', 0, 5, 3, 'buy a house', '6aa4e8329e__buy-a-house', '<p>do you have any recommendation about 15Millions apartment near the TST center</p>', 0, 1675154810, 0),
(9, 'ask', 0, 5, 1, 'buy a house', '074b4f451a__buy-a-house', '<p>do you have any recommendation about 15Millions apartment near the TST center</p>', 0, 1675154810, 0),
(10, 'ask', 0, 5, 13, 'buy a house', '99b94f901a__buy-a-house', '<p>do you have any recommendation about 15Millions apartment near the TST center</p>', 1, 1675154810, 0),
(11, 'ask', 0, 5, 4, 'buy a house', '074e1bf769__buy-a-house', '<p>do you have any recommendation about 15Millions apartment near the TST center</p>', 0, 1675154810, 0),
(12, 'ask', 0, 5, 2, 'buy a house', '4bbfe0ca80__buy-a-house', '<p>do you have any recommendation about 15Millions apartment near the TST center</p>', 0, 1675154810, 0),
(13, 'ask', 0, 5, 3, 'buy a house', 'a91ca1d780__buy-a-house', '<p>do you have any recommendation about 15Millions apartment near the TST center</p>', 0, 1675154810, 0),
(14, 'ask', 0, 5, 12, 'testing ', 'e2332b58a7__testing', '<p>do you receive this message and feedback</p>', 1, 1675155129, 0),
(15, 'ask', 0, 29, 13, 'hi', 'c253cfc5c0__hi', '', 1, 1675250936, 0),
(16, 'reply', 14, 5, 12, '', '573fef49c2__', '<p>received</p>', 0, 1675609772, 0);

-- --------------------------------------------------------

--
-- 資料表結構 `uonlive_district`
--

CREATE TABLE `uonlive_district` (
  `id` int(11) NOT NULL,
  `area_id` int(11) NOT NULL,
  `name` varchar(255) NOT NULL
) ENGINE=InnoDB DEFAULT CHARSET=utf8mb4;

--
-- 傾印資料表的資料 `uonlive_district`
--

INSERT INTO `uonlive_district` (`id`, `area_id`, `name`) VALUES
(1, 1, '堅尼地城'),
(2, 1, '西環'),
(3, 1, '中上環'),
(4, 1, '半山'),
(5, 2, '灣仔'),
(6, 2, '銅鑼灣／天后'),
(7, 2, '跑馬地'),
(8, 3, '北角／炮台山'),
(9, 3, '鰂魚涌／太古'),
(10, 3, '筲箕灣／西灣河'),
(11, 3, '柴灣／小西灣'),
(12, 4, '鴨脷洲'),
(13, 4, '香港仔／黃竹坑'),
(14, 4, '赤柱'),
(15, 5, '油尖旺區'),
(16, 5, '深水埗/長沙灣'),
(17, 5, '紅磡/土瓜灣'),
(18, 5, '黃大仙/新蒲崗'),
(19, 5, '觀塘/牛頭角'),
(20, 5, '藍田/油塘'),
(21, 5, '九龍城/何文田'),
(22, 6, '葵青'),
(23, 6, '荃灣'),
(24, 6, '屯門'),
(25, 6, '元朗/天水圍'),
(26, 6, '上水/粉嶺'),
(27, 6, '大埔'),
(28, 6, '沙田/馬鞍山'),
(29, 6, '將軍澳/西貢'),
(30, 6, '大圍/火炭'),
(31, 7, '東涌/離島');

-- --------------------------------------------------------

--
-- 資料表結構 `uonlive_hashtags`
--

CREATE TABLE `uonlive_hashtags` (
  `id` int(11) NOT NULL,
  `name` varchar(255) NOT NULL,
  `uri` varchar(255) NOT NULL,
  `count` int(11) NOT NULL,
  `created_at` int(11) NOT NULL,
  `updated_at` int(11) NOT NULL
) ENGINE=InnoDB DEFAULT CHARSET=utf8mb4;

--
-- 傾印資料表的資料 `uonlive_hashtags`
--

INSERT INTO `uonlive_hashtags` (`id`, `name`, `uri`, `count`, `created_at`, `updated_at`) VALUES
(1, '投注', '投注', 0, 1668024245, 0),
(2, '旅遊', '旅遊', 0, 1668024245, 0),
(3, 'cable', 'cable', 0, 1669191078, 0),
(4, 'power cable', 'power-cable', 0, 1669191078, 0),
(5, 'electrical cable', 'electrical-cable', 0, 1669191078, 0),
(6, 'Uonlive', 'uonlive', 0, 1669360907, 0),
(7, 'design', 'design', 0, 1669361553, 0),
(8, 'drawing', 'drawing', 0, 1669361553, 0),
(9, 'painting', 'painting', 0, 1669361553, 0),
(10, 'writing', 'writing', 0, 1669361553, 0),
(11, 'shipping', 'shipping', 0, 1669361553, 0),
(12, 'yes', 'yes', 0, 1669606828, 0),
(13, 'one', 'one', 0, 1669606828, 0),
(14, 'two', 'two', 0, 1669606828, 0),
(15, '壓力產品', '壓力產品', 0, 1673105043, 0),
(16, '壓力襪', '壓力襪', 0, 1673105043, 0),
(17, '靜脈曲張', '靜脈曲張', 0, 1673105043, 0),
(18, '心血管疾病', '心血管疾病', 0, 1673105043, 0),
(19, '心臟病', '心臟病', 0, 1673105043, 0),
(20, '血管閉塞', '血管閉塞', 0, 1673105043, 0),
(21, 'bulking', 'bulking', 0, 1673192439, 0),
(22, 'muscle', 'muscle', 0, 1673192471, 0),
(23, 'fat lose', 'fat-lose', 0, 1673192471, 0),
(24, '#gym #fit #1on1training #personaltraining', 'gym-fit-1on1training-personaltraining', 0, 1673287357, 0),
(25, '增肌', '增肌', 0, 1673349963, 0),
(26, 'gym', 'gym', 0, 1673368272, 0),
(27, 'fit', 'fit', 0, 1673368272, 0),
(28, '1on1training', '1on1training', 0, 1673368272, 0),
(29, 'personaltraining', 'personaltraining', 0, 1673368272, 0),
(30, 'SAMRT POLITE', 'samrt-polite', 0, 1673440807, 0),
(31, 'Earphone', 'earphone', 0, 1675241394, 0),
(32, 'Ultra bass', 'ultra-bass', 0, 1675241394, 0),
(33, 'Metaverse', 'metaverse', 0, 1675241394, 0),
(34, '#運動 #keepfit', '運動-keepfit', 0, 1675350093, 0),
(35, '#運動 #keepfit #增肌減脂\r\n#修身', '運動-keepfit-增肌減脂-修身', 0, 1675350146, 0),
(36, 'Protein', 'protein', 0, 1675409859, 0),
(37, '減肥', '減肥', 0, 1675411877, 0),
(38, '靚', '靚', 0, 1675411877, 0),
(39, '瘦', '瘦', 0, 1675411877, 0),
(40, '健身教練', '健身教練', 0, 1675412143, 0);

-- --------------------------------------------------------

--
-- 資料表結構 `uonlive_landing_main`
--

CREATE TABLE `uonlive_landing_main` (
  `id` int(11) NOT NULL,
  `title` text COLLATE utf8_unicode_ci NOT NULL,
  `title_en` text COLLATE utf8_unicode_ci NOT NULL,
  `description` text COLLATE utf8_unicode_ci NOT NULL,
  `description_en` text COLLATE utf8_unicode_ci NOT NULL,
  `uri` varchar(255) COLLATE utf8_unicode_ci NOT NULL,
  `displayorder` int(3) NOT NULL,
  `display` tinyint(1) NOT NULL,
  `lang` varchar(5) COLLATE utf8_unicode_ci NOT NULL,
  `can_edit` tinyint(4) NOT NULL DEFAULT '1',
  `edit_url` varchar(255) CHARACTER SET latin1 COLLATE latin1_general_ci NOT NULL,
  `display_in_menu` tinyint(4) NOT NULL DEFAULT '1',
  `default_page` tinyint(4) NOT NULL DEFAULT '0',
  `updated` timestamp NOT NULL DEFAULT CURRENT_TIMESTAMP ON UPDATE CURRENT_TIMESTAMP,
  `entered` int(11) NOT NULL
) ENGINE=InnoDB DEFAULT CHARSET=utf8 COLLATE=utf8_unicode_ci;

--
-- 傾印資料表的資料 `uonlive_landing_main`
--

INSERT INTO `uonlive_landing_main` (`id`, `title`, `title_en`, `description`, `description_en`, `uri`, `displayorder`, `display`, `lang`, `can_edit`, `edit_url`, `display_in_menu`, `default_page`, `updated`, `entered`) VALUES
(1, '主頁', '主頁', '', '', 'home', 1, 0, '', 1, '', 0, 1, '2022-10-05 08:13:38', 2021),
(2, '關於我們', 'About Us', '', '', 'about_us', 2, 0, '', 1, '', 1, 0, '2023-01-06 09:58:48', 2021),
(3, '服務分類', '服務分類', '', '', 'service', 3, 0, '', 1, '', 1, 0, '2022-09-21 11:01:34', 2021),
(4, '商戶登記', '商戶登記', '', '', 'business_registration', 4, 0, '', 1, '', 1, 0, '2022-10-19 09:59:51', 2021),
(5, '聯絡我們', 'Contact Us', '', '', 'contact_us', 5, 1, '', 0, '', 1, 0, '2023-01-06 09:59:05', 2021),
(6, '會員專區', 'Member', '', '', 'member', 6, 0, '', 0, '', 1, 0, '2022-10-06 11:10:06', 2021),
(7, '服務提供者專區', 'Provider', '', '', 'provider', 7, 0, '', 0, '', 0, 0, '2022-10-06 11:10:06', 2021),
(8, '搜索', 'Search', '', '', 'search', 8, 0, '', 0, '', 0, 0, '2022-11-08 07:34:33', 2021),
(9, '關鍵字', 'Hashtag', '', '', 'hashtag', 9, 0, '', 0, '', 0, 0, '2023-01-13 10:28:14', 2021),
(10, '文檔', 'Document', '', '', 'document', 10, 0, '', 0, '', 0, 0, '2023-01-13 10:28:14', 2021);

-- --------------------------------------------------------

--
-- 資料表結構 `uonlive_landing_submenu`
--

CREATE TABLE `uonlive_landing_submenu` (
  `id` int(11) NOT NULL,
  `main_id` int(11) DEFAULT NULL,
  `tag_list_id` int(11) NOT NULL,
  `title` text COLLATE utf8_unicode_ci NOT NULL,
  `title_en` text COLLATE utf8_unicode_ci NOT NULL,
  `uri` varchar(255) COLLATE utf8_unicode_ci NOT NULL,
  `displayorder` int(3) NOT NULL,
  `lang` varchar(5) COLLATE utf8_unicode_ci NOT NULL,
  `segmentation` tinyint(1) NOT NULL DEFAULT '0',
  `segmentation_end` tinyint(1) NOT NULL DEFAULT '0',
  `display` tinyint(1) NOT NULL DEFAULT '1',
  `updated` timestamp NOT NULL DEFAULT CURRENT_TIMESTAMP ON UPDATE CURRENT_TIMESTAMP,
  `entered` int(11) NOT NULL
) ENGINE=InnoDB DEFAULT CHARSET=utf8 COLLATE=utf8_unicode_ci;

--
-- 傾印資料表的資料 `uonlive_landing_submenu`
--

INSERT INTO `uonlive_landing_submenu` (`id`, `main_id`, `tag_list_id`, `title`, `title_en`, `uri`, `displayorder`, `lang`, `segmentation`, `segmentation_end`, `display`, `updated`, `entered`) VALUES
(1, 3, 1, '命理', '', '', 1, '', 0, 0, 1, '2022-12-12 08:55:59', 1656067633),
(2, 3, 2, '餐飲', '', '', 2, '', 0, 0, 1, '2022-12-12 08:54:51', 1656067633),
(3, 3, 3, '超市', '', '', 3, '', 0, 0, 1, '2022-12-12 08:55:21', 1656067633),
(4, 3, 4, '幫手', '', '', 4, '', 0, 0, 1, '2022-09-27 08:41:35', 1656067633),
(5, 3, 5, '廣告', '', '', 5, '', 0, 0, 1, '2022-12-12 08:55:30', 1656067633),
(6, 3, 6, '家務', '', '', 6, '', 0, 0, 1, '2022-09-27 08:41:35', 1656067633),
(7, 3, 7, '寵物', '', '', 7, '', 0, 0, 1, '2022-09-27 08:41:35', 1656067633),
(8, 3, 8, '配對', '', '', 8, '', 0, 0, 1, '2022-09-27 08:41:35', 1656067633),
(9, 3, 9, '運動', '', '', 9, '', 0, 0, 1, '2022-09-27 08:41:35', 1656067633),
(10, 3, 10, '汽車', '', '', 10, '', 0, 0, 1, '2022-09-27 08:41:35', 1656067633),
(11, 3, 11, '保險', '', '', 11, '', 0, 0, 1, '2022-09-27 08:41:35', 1656067633),
(12, 3, 12, '扮靚', '', '', 12, '', 0, 0, 1, '2022-09-27 08:41:35', 1656067633),
(13, 3, 13, '補習', '', '', 13, '', 0, 0, 1, '2022-09-27 08:41:35', 1656067633),
(14, 3, 14, '裝修', '', '', 14, '', 0, 0, 1, '2022-09-27 08:41:35', 1656067633),
(15, 3, 15, '電器', '', '', 15, '', 0, 0, 1, '2022-09-27 08:41:35', 1656067633),
(16, 3, 16, '地產', '', '', 16, '', 0, 0, 1, '2022-09-27 08:41:35', 1656067633),
(17, 3, 17, '專業', '', '', 17, '', 0, 0, 1, '2022-09-27 08:41:35', 1656067633),
(18, 3, 18, '娛樂', '', '', 18, '', 0, 0, 1, '2022-09-27 08:41:35', 1656067633),
(19, 3, 19, '健康', '', '', 19, '', 0, 0, 1, '2022-09-27 08:41:35', 1656067633),
(20, 3, 20, '二手', '', '', 20, '', 0, 0, 1, '2022-09-27 08:41:35', 1656067633);

-- --------------------------------------------------------

--
-- 資料表結構 `uonlive_media`
--

CREATE TABLE `uonlive_media` (
  `id` int(11) NOT NULL,
  `token` varchar(32) CHARACTER SET latin1 COLLATE latin1_general_ci NOT NULL,
  `category_id` int(11) NOT NULL,
  `providers_id` int(11) NOT NULL,
  `media_type` varchar(10) CHARACTER SET latin1 COLLATE latin1_general_ci NOT NULL,
  `visible` tinyint(4) NOT NULL DEFAULT '0',
  `created_at` int(11) NOT NULL,
  `updated_at` int(11) NOT NULL,
  `deleted_at` int(11) NOT NULL
) ENGINE=InnoDB DEFAULT CHARSET=utf8mb4;

--
-- 傾印資料表的資料 `uonlive_media`
--

INSERT INTO `uonlive_media` (`id`, `token`, `category_id`, `providers_id`, `media_type`, `visible`, `created_at`, `updated_at`, `deleted_at`) VALUES
(1, 'cb5a993b96f0491bed5e7ea380496300', 18, 1, 'PHOTO', 0, 1668024966, 1675241923, 0),
(2, 'c31ab05d50be90923705555371ae3c0a', 18, 1, 'NEWS', 0, 1668025077, 0, 0),
(3, '64e366870be75a1fcaa4492225dd7b6d', 18, 1, 'VIDEO', 1, 1668025128, 0, 0),
(4, '9e4578c8c9cd87f3c0185e88cb81b764', 9, 5, 'PHOTO', 1, 1669606828, 0, 0),
(5, 'f7c93765a6301d39c063e10483ef2b36', 1, 1, 'PHOTO', 0, 1674201325, 0, 0),
(6, '6e5dafa2d118235c6e7ec126dc6fd964', 9, 13, 'PHOTO', 0, 1675692567, 1675772541, 0);

-- --------------------------------------------------------

--
-- 資料表結構 `uonlive_media_hashtag`
--

CREATE TABLE `uonlive_media_hashtag` (
  `id` int(11) NOT NULL,
  `media_id` int(11) NOT NULL,
  `hashtag_id` int(11) NOT NULL
) ENGINE=InnoDB DEFAULT CHARSET=utf8mb4;

--
-- 傾印資料表的資料 `uonlive_media_hashtag`
--

INSERT INTO `uonlive_media_hashtag` (`id`, `media_id`, `hashtag_id`) VALUES
(1, 4, 1),
(2, 4, 2),
(3, 4, 3),
(4, 4, 4),
(5, 4, 5),
(6, 4, 6),
(7, 4, 7),
(8, 4, 8),
(9, 4, 9),
(10, 4, 10),
(11, 4, 11),
(12, 4, 12),
(13, 4, 13),
(14, 4, 14);

-- --------------------------------------------------------

--
-- 資料表結構 `uonlive_media_news`
--

CREATE TABLE `uonlive_media_news` (
  `id` int(11) NOT NULL,
  `media_id` int(11) NOT NULL,
  `title` varchar(255) NOT NULL,
  `content` text NOT NULL,
  `url` varchar(255) NOT NULL
) ENGINE=InnoDB DEFAULT CHARSET=utf8mb4;

--
-- 傾印資料表的資料 `uonlive_media_news`
--

INSERT INTO `uonlive_media_news` (`id`, `media_id`, `title`, `content`, `url`) VALUES
(1, 2, '馬會公布場外投注站周四起回復受注 6月1日起恢復正常營運', '<p><span style=\"background-color:rgb(255,255,255);color:rgb(51,51,51);\">由</span><span style=\"background-color:rgb(255,255,255);color:hsl(240, 75%, 60%);\"><strong>5月12日至5月31日</strong></span><span style=\"background-color:rgb(255,255,255);color:rgb(51,51,51);\">，場外投注處於非賽馬日由中午12時至晚上8時開放(星期一開放至下午6時)；於六合彩攪珠日由中午12時至晚上9時15分開放；於夜馬賽事日由中午12時至下午6時開放；於日馬賽事日則不會開放。場外投注處不會開放影視大堂及優越專區，也不會直播賽馬及足球賽事。由6月1日起，場外投注處將恢復正常營運，包括日馬及夜馬賽事。</span><br><br><span style=\"background-color:rgb(255,255,255);color:rgb(51,51,51);\">所有進入場外投注處的人士必須達到疫苗通行證的接種要求，並根據疫苗通行證指示的要求於進入場外投注處前使用手機掃描「安心出行」場所二維碼及出示疫苗接種紀錄。場外投注處會實施嚴格的公共衞生措施，包括體溫檢查、口罩佩戴、保持足夠的社交距離及定時進行清潔及消毒。</span></p>', 'https://hd.stheadline.com/news/realtime/hk/2336144/%E5%8D%B3%E6%99%82-%E6%B8%AF%E8%81%9E-%E9%A6%AC%E6%9C%83%E5%85%AC%E5%B8%83%E5%A0%B4%E5%A4%96%E6%8A%95%E6%B3%A8%E7%AB%99%E5%91%A8%E5%9B%9B%E8%B5%B7%E5%9B%9E%E5%BE%A9%E5%8F%97%E6%B3%A8-6%E6%9C%881%E6%97%A5%');

-- --------------------------------------------------------

--
-- 資料表結構 `uonlive_media_photo`
--

CREATE TABLE `uonlive_media_photo` (
  `id` int(11) NOT NULL,
  `media_id` int(11) NOT NULL,
  `filename` varchar(255) NOT NULL
) ENGINE=InnoDB DEFAULT CHARSET=utf8mb4;

--
-- 傾印資料表的資料 `uonlive_media_photo`
--

INSERT INTO `uonlive_media_photo` (`id`, `media_id`, `filename`) VALUES
(1, 1, '1ec5d9a88d81b96e2e00701bd644d524.jpeg'),
(2, 4, 'd71eeb2470212b4f65cb0c303030a011.jpeg'),
(3, 5, '6e8818f8bda6a766e96f89e0310037cc.jpg'),
(4, 6, '791616e74da9c2f82c6806364460192b.jpeg');

-- --------------------------------------------------------

--
-- 資料表結構 `uonlive_media_video`
--

CREATE TABLE `uonlive_media_video` (
  `id` int(11) NOT NULL,
  `media_id` int(11) NOT NULL,
  `title` varchar(255) NOT NULL,
  `url` varchar(255) NOT NULL,
  `filename` varchar(255) NOT NULL
) ENGINE=InnoDB DEFAULT CHARSET=utf8mb4;

--
-- 傾印資料表的資料 `uonlive_media_video`
--

INSERT INTO `uonlive_media_video` (`id`, `media_id`, `title`, `url`, `filename`) VALUES
(1, 3, '投注站關門唔駛怕﹗馬會投注戶口存款方法大公開，唔駛排隊，唔駛上網，都做得﹗有埋完整試範，畀你跟住做﹗﹗', 'https://www.youtube.com/watch?v=Paa3f8N8_IQ', '00c54b37e4cced65924a96de0fbc818b.png');

-- --------------------------------------------------------

--
-- 資料表結構 `uonlive_members`
--

CREATE TABLE `uonlive_members` (
  `id` int(11) NOT NULL,
  `token` varchar(32) CHARACTER SET latin1 COLLATE latin1_general_ci NOT NULL,
  `first_name` varchar(255) NOT NULL,
  `last_name` varchar(255) NOT NULL,
  `email` varchar(255) NOT NULL,
  `phone` varchar(255) CHARACTER SET latin1 COLLATE latin1_general_ci NOT NULL,
  `occupation` varchar(255) NOT NULL,
  `resident_area` int(11) NOT NULL,
  `resident_building` varchar(255) NOT NULL,
  `resident_formatted_address` text NOT NULL,
  `resident_latitude` int(11) NOT NULL,
  `resident_latitude_rad` double NOT NULL,
  `resident_longitude` int(11) NOT NULL,
  `resident_longitude_rad` double NOT NULL,
  `business_area` int(11) NOT NULL,
  `business_building` varchar(255) NOT NULL,
  `business_formatted_address` text NOT NULL,
  `business_latitude` int(11) NOT NULL,
  `business_latitude_rad` double NOT NULL,
  `business_longitude` int(11) NOT NULL,
  `business_longitude_rad` double NOT NULL,
  `password` varchar(40) CHARACTER SET latin1 COLLATE latin1_general_ci NOT NULL,
  `avatar_photo` varchar(255) CHARACTER SET latin1 COLLATE latin1_general_ci NOT NULL,
  `created_at` int(11) NOT NULL,
  `updated_at` int(11) NOT NULL,
  `deleted_at` int(11) NOT NULL
) ENGINE=InnoDB DEFAULT CHARSET=utf8mb4;

--
-- 傾印資料表的資料 `uonlive_members`
--

INSERT INTO `uonlive_members` (`id`, `token`, `first_name`, `last_name`, `email`, `phone`, `occupation`, `resident_area`, `resident_building`, `resident_formatted_address`, `resident_latitude`, `resident_latitude_rad`, `resident_longitude`, `resident_longitude_rad`, `business_area`, `business_building`, `business_formatted_address`, `business_latitude`, `business_latitude_rad`, `business_longitude`, `business_longitude_rad`, `password`, `avatar_photo`, `created_at`, `updated_at`, `deleted_at`) VALUES
(1, '033b746bcf7681dfc315bef905befc26', 'Tai Man', 'Chan', 'chantaiman@gmail.com', '98765432', '專業領隊', 16, 'Fuk Wa Mansion', '香港元洲福華街72-86號福華大廈', 223307149, 0.38974449932916, 1141636752, 1.9925320184174, 15, '華懋王子大廈', '香港旺角洗衣街135A-135B號華懋王子大廈', 223209868, 0.38957471195419, 1141711960, 1.9926632811398, '7c4a8d09ca3762af61e59520943dc26494f8941b', '1b7f2354c489d16d89f082ae10215916.jpeg', 1668023853, 1672999573, 0),
(2, 'b6dd9d0b2bdd3d70334f91da54880be5', 'Siu Man', 'CHAN', 'chansiuman@gmail.com', '98765432', '電器', 1, '', '', 0, 0, 0, 0, 1, '', '', 0, 0, 0, 0, '7c4a8d09ca3762af61e59520943dc26494f8941b', '', 1668244444, 0, 0),
(3, 'ec7fa8e4a8a5682f00b5016c7a8b9926', 'Tai Tsui', 'Lee', 'leetaitsui@gmail.com', '98765432', '洗熨', 16, '', '', 0, 0, 0, 0, 1, '', '', 0, 0, 0, 0, '7c4a8d09ca3762af61e59520943dc26494f8941b', '', 1668392549, 0, 0),
(4, '6a0e9b41fabfff44b34176b5e3be2791', 'Sin Ku', 'Ho', 'hosinku@gmail.com', '98765432', '五金', 1, '', '', 0, 0, 0, 0, 1, '', '', 0, 0, 0, 0, '7c4a8d09ca3762af61e59520943dc26494f8941b', '', 1668393038, 0, 0),
(5, '399fdcad1a94053f1ec13946e4d72b38', 'sin man samuel', 'tsun', 'stsun@me.com', '90971623', 'salesman', 22, 'castle peak villas', 'Castle Peak Rd - Ting Kau, Hong Kong', 223681879, 0.39039852655976, 1140842682, 1.9911461048183, 3, 'Guangdong Finances building ', 'Guangdong Finance Building, 88 Connaught Rd W, Sheung Wan, Hong Kong', 222882220, 0.38900285831544, 1141457494, 1.9922191541863, '766e0e8b6d819948ac16460282f5df01a2451ce3', '', 1669189308, 1675154602, 0),
(6, '06b1f5ed26f7e1595ec17e176f2f8116', 'Summer', 'Tong', 'summeradg@hotmail.com', '95884493', 'Designer', 16, '', '', 0, 0, 0, 0, 3, '', '', 0, 0, 0, 0, 'a74da3f9fd491b1b79efbea810b681c2a9d15f80', '0e58b5b1d929b549a463c369a2ea9323.jpg', 1669194559, 1669366624, 0),
(7, '3dd869ca4e3beca583f0ced1071dd3a7', 'Summer', 'Tong', 'summeradg@hotmail.com', '95884493', 'Designer', 16, '', '', 0, 0, 0, 0, 3, '', '', 0, 0, 0, 0, 'a74da3f9fd491b1b79efbea810b681c2a9d15f80', '0e58b5b1d929b549a463c369a2ea9323.jpg', 1669360310, 1669366624, 0),
(8, '4c01d7e4a7eb3093a9b554a7b3753d74', 'Summer', 'Tong', 'summeradg@hotmail.com', '95884493', 'Designer', 16, '', '', 0, 0, 0, 0, 3, '', '', 0, 0, 0, 0, 'a74da3f9fd491b1b79efbea810b681c2a9d15f80', '0e58b5b1d929b549a463c369a2ea9323.jpg', 1669360364, 1669366624, 0),
(9, '7fcbacd4e946dbbff62fe4f99843fb45', 'Summer', 'Tong', 'summeradg@hotmail.com', '95884493', 'Designer', 16, '', '', 0, 0, 0, 0, 3, '', '', 0, 0, 0, 0, 'a74da3f9fd491b1b79efbea810b681c2a9d15f80', '0e58b5b1d929b549a463c369a2ea9323.jpg', 1669360472, 1669366624, 0),
(10, 'bd59c694c022201449f8a05a97f4b313', 'Summer', 'Tong', 'summeradg@hotmail.com', '95884493', 'Designer', 16, '', '', 0, 0, 0, 0, 3, '', '', 0, 0, 0, 0, 'a74da3f9fd491b1b79efbea810b681c2a9d15f80', '0e58b5b1d929b549a463c369a2ea9323.jpg', 1669360565, 1669366624, 0),
(11, '74906b831096528a2be93ca52d3ff93f', 'sin man samuel', 'tsun', 'stsun@me.com', '90971623', 'salesman', 22, 'castle peak villas', 'Castle Peak Rd - Ting Kau, Hong Kong', 223681879, 0.39039852655976, 1140842682, 1.9911461048183, 3, 'Guangdong Finances building ', 'Guangdong Finance Building, 88 Connaught Rd W, Sheung Wan, Hong Kong', 222882220, 0.38900285831544, 1141457494, 1.9922191541863, '32f0457200b89d17ec183b9ec65bc25e71f5774b', '', 1669452445, 1675154602, 0),
(12, 'ff9e0ca01d895d4aa42574cab0bcd52d', 'sin man samuel', 'tsun', 'stsun@me.com', '90971623', 'salesman', 22, 'castle peak villas', 'Castle Peak Rd - Ting Kau, Hong Kong', 223681879, 0.39039852655976, 1140842682, 1.9911461048183, 3, 'Guangdong Finances building ', 'Guangdong Finance Building, 88 Connaught Rd W, Sheung Wan, Hong Kong', 222882220, 0.38900285831544, 1141457494, 1.9922191541863, '32f0457200b89d17ec183b9ec65bc25e71f5774b', '', 1669452445, 1675154602, 0),
(13, '50fa8b4dc2d720eefe0c3325100e58f0', 'sin man samuel 2', 'Tsun', 'samueltsun@gmail.com', '68888911', 'business man', 22, 'castle peak villas', 'Castle Peak Villa Block C, 19 Lok Chui St, Siu Lam, Hong Kong', 223650045, 0.39034296574835, 1140070105, 1.9897977035807, 3, 'Guangdong Finances building ', 'Guangdong Finance Building, 88 Connaught Rd W, Sheung Wan, Hong Kong', 222882220, 0.38900285831544, 1141457494, 1.9922191541863, '66bf3378ff05920fa8161aadf6ce9f31887dcc4a', 'c9b08645d313ee568982bbc48728d571.jpeg', 1669452691, 1669452764, 0),
(14, 'df2b933ce1620e951094d159ad922428', 'ho test sports', 'wan', 'emilytsang08310831@gmail.com', '24510278', '健身教練', 23, '', '', 0, 0, 0, 0, 15, '', '', 0, 0, 0, 0, '57f27a3265668470745b47fa23d56d30e8dfe388', 'ff16376fedaf84b71f23f8808fb90069.jpg', 1669541593, 1669541719, 0),
(15, 'b094611554ee56d92b440b44c4b396c9', 'Anson', 'Kong', 'anson.kong@ymail.com', '92193320', 'Manager', 19, '藍田邨', '', 0, 0, 0, 0, 15, '海運碼頭', '', 0, 0, 0, 0, '30f33b3c9a13aabc37e895cf4182779ebc9af2d8', '', 1669638984, 0, 0),
(16, 'ac2427a2738ef2797492d10bd6997c94', 'Siu Man', 'POON', 'poonsiuman@gmail.com', '98765432', 'Trading', 1, '', '', 0, 0, 0, 0, 1, '', '', 0, 0, 0, 0, '7c4a8d09ca3762af61e59520943dc26494f8941b', '', 1669867747, 0, 0),
(17, '56998a94df9d50c99252f86fd7c576e7', 'Alfred', 'Ko', 'ning71980@yahoo.com.hk', '93646529', 'Sales', 5, 'Wan Fung Mansion', '', 0, 0, 0, 0, 5, 'Amber Commercial Building', '', 0, 0, 0, 0, '0102ccb7e8bc7c238685270d36d132299478d5f2', '', 1670072690, 0, 0),
(18, 'e193e1076fe3fdd8fd0e3a65fefd407d', 'chris', '', '', '55263326', '', 22, '', '', 0, 0, 0, 0, 1, '', '', 0, 0, 0, 0, 'da39a3ee5e6b4b0d3255bfef95601890afd80709', '', 1670839790, 0, 0),
(19, '08441e5fbdb997b3a607da52e057c11f', 'Anson', 'Kong', 'anson.kong@ymail.com', '92193320', 'Officer', 19, '藍田邨', '', 0, 0, 0, 0, 15, '海運碼頭', '', 0, 0, 0, 0, '20bdb95940f3c0ec01e74994bbea554483b0d38e', '', 1671180741, 0, 0),
(20, 'a46d087a2f45422657d324491931cbaf', 'Anson', 'Kong', 'anson.kong@ymail.com', '92193320', 'Officer', 19, '藍田邨', '', 0, 0, 0, 0, 19, '海運碼頭', '', 0, 0, 0, 0, '20bdb95940f3c0ec01e74994bbea554483b0d38e', '', 1671180775, 0, 0),
(21, 'a00329f3af9dd0c2b1dc08372591fabd', 'Chung Ming ', 'LEE', 'ronlee717@GMAIL.COM', '90836765', 'Construction', 27, '', '', 0, 0, 0, 0, 1, '', '', 0, 0, 0, 0, '7c222fb2927d828af22f592134e8932480637c0d', '', 1671443104, 0, 0),
(22, '85dbaaf33a32bb6ef96a02c0a2b24f77', 'KELVIN', 'CHAN', 'kchan@excelinkglobal.com', '54922872', 'CEO', 26, '碧濤花園', '香港沙田安景街19～21號碧濤花園百利閣', 223944825, 0.39085745390525, 1142076104, 1.9932988323149, 15, '金門商業大廈', '香港尖沙咀柯士甸道136～138號', 223031223, 0.38926291760997, 1141739594, 1.9927115115683, '2575cb1ce65e1d2ccd8b06787b9863d2a8776fd5', 'f44f96f6b3fd39834ba5dd5235ef152f.png', 1673075366, 1673075499, 0),
(23, 'e7b9bc93b001c191ac7a899788eb29c7', 'ho(sport test)', 'wan', 'emilytsang08310831@gmail.com', '61527756', 'personal trainer', 23, 't town ', '香港天水圍天華路30號', 224624466, 0.39204365122341, 1139975041, 1.9896317856007, 15, '家樂坊', '香港旺角登打士街56號', 223151075, 0.38947209881148, 1141712915, 1.9926649479292, '4aa1322d5546ee35055a42df13696072a75fc862', '', 1673111452, 0, 0),
(24, '22ec12a9c87e7c43eadbf07f1bda9c58', 'ho (sport test 2)', 'wan', 'emilytsang08310831@gmail.com', '61527756', 'pt', 23, '', '', 0, 0, 0, 0, 15, '', '', 0, 0, 0, 0, '4aa1322d5546ee35055a42df13696072a75fc862', '', 1673111524, 0, 0),
(25, 'bea7a5c8ce82966a740e6fcebd06ba0a', 'Walter', 'Koon', 'koon.1027@gmail.com', '69058919', 'personal trainer', 18, 'Fu Tung House', 'Tung Tau Estate Fu Tung House, 183 Tung Tau Tsuen Rd, Nga Tsin Wai, Hong Kong', 223362838, 0.38984169496987, 1141935851, 1.9930540446513, 6, 'Kiu Hing Mansion', '14 King\'s Rd, Causeway Bay, Hong Kong', 222828522, 0.38890913762526, 1141926956, 1.9930385199476, 'ac60ba5881f6a9cdab2e09f687942788c2451f00', '', 1673192130, 1674203100, 0),
(26, 'a9fee68441c94f31a3992ec3d44c0bff', '', '', '', '', '', 1, '', '', 0, 0, 0, 0, 1, '', '', 0, 0, 0, 0, 'da39a3ee5e6b4b0d3255bfef95601890afd80709', '', 1673192138, 0, 0),
(27, '0b1f2eb8f26b0c5f307e880f61c773c9', 'Chung Ming ', 'LEE', 'ronlee717@GMAIL.COM', '60962018', '', 1, '', '', 0, 0, 0, 0, 1, '', '', 0, 0, 0, 0, '1abb2c767be54bd474af7ba23ab9300148c371b7', '', 1673239015, 0, 0),
(28, '08246d0bf618cde8fa5ecdd6983af622', 'Roy', 'Sam', 'kwokheisam@yahoo.com.hk', '62277453', 'Personal trainer', 22, 'ABC Building', '香港中環干諾道中50號', 222850863, 0.38894813002608, 1141557708, 1.992394060612, 15, 'EDF Building', '香港', 223193039, 0.38954533980821, 1141693611, 1.9926312560933, '7e30c77ed08e05df25e9b2b7e74147260180523c', '1974e2393409883e93ee16f6374d0dfa.jpg', 1673254786, 1673963431, 0),
(29, '5b348deef36ca0105dabbef287774afb', 'ho', 'wan', 'no_email2000@hotmail.com', '61527756', 'personal trainer', 23, 'wah yuet hse', '香港', 223193039, 0.38954533980821, 1141693611, 1.9926312560933, 15, '家樂坊', '香港旺角登打士街56號', 223151075, 0.38947209881148, 1141712915, 1.9926649479292, '4aa1322d5546ee35055a42df13696072a75fc862', 'fff6e18f880949acc373bce801851920.jpg', 1673287001, 1675251391, 0),
(30, '797c82829462833a27d6c2f219abc8ff', 'CHIN MING', 'KEUNG', 'ming_10910@yahoo.com.hk', '60143883', 'COACH', 1, '', '', 0, 0, 0, 0, 1, '', '', 0, 0, 0, 0, 'da0cc3911a14e4ecdbd24f0d68ca8d32a3bf05b3', 'b4f11150ad116767b4cc7f584567beaa.jpg', 1673328775, 1674222069, 0),
(31, '0d44ae019c8f6903b65bcafa80f12ae0', 'Loan Nguyen', 'Nguyen', 'loannguyen@yopmail.com', '8436285940', 'QA', 13, '', '', 0, 0, 0, 0, 1, 'PG', '', 0, 0, 0, 0, 'eda060f6a6edbb39c84210bcc84927644c8837b7', '', 1673411183, 0, 0),
(32, 'dc82ea2026779b211e1df2f40f14ecd4', 'Roy', 'Sam', 'kwokheisam@yahoo.com.hk', '62277453', 'Personal trainer', 22, 'ABC Building', '香港中環干諾道中50號', 222850863, 0.38894813002608, 1141557708, 1.992394060612, 15, 'EDF Building', '香港', 223193039, 0.38954533980821, 1141693611, 1.9926312560933, '7e30c77ed08e05df25e9b2b7e74147260180523c', '1974e2393409883e93ee16f6374d0dfa.jpg', 1673415051, 1673963431, 0),
(33, '51087c5431f51d215d78082e8260d68d', 'Roy', 'Sam', 'kwokheisam@yahoo.com.hk', '62277453', 'Personal trainer', 22, 'ABC Building', '香港中環干諾道中50號', 222850863, 0.38894813002608, 1141557708, 1.992394060612, 15, 'EDF Building', '香港', 223193039, 0.38954533980821, 1141693611, 1.9926312560933, '7e30c77ed08e05df25e9b2b7e74147260180523c', '', 1673963342, 1673963431, 0),
(34, 'cc99818ef1313202bdc81d2f72fa9f2c', 'CHIN MING', 'KEUNG', 'ming_10910@yahoo.com.hk', '60143883', 'COACH', 1, '', '', 0, 0, 0, 0, 1, '', '', 0, 0, 0, 0, '8a905b9c6f39f1b82225f9cc1ed02869007c2265', 'b4f11150ad116767b4cc7f584567beaa.jpg', 1674221883, 1674222069, 0),
(35, 'd6d714db955216005b93fc378a995a55', 'CHIN MING', 'KEUNG', 'ming_10910@yahoo.com.hk', '60143883', 'COACH', 1, '', '', 0, 0, 0, 0, 1, '', '', 0, 0, 0, 0, '75d63e44ca7dd8a292e74365f843a9fc96fb1b39', '', 1674222280, 0, 0),
(36, '7f7f3718cb57fd12aa1f3e48cfaeff48', 'Hiu Ying', 'Wong', 'hiuying.wong0725@gmail.com', '55118193', '健身教練', 23, '錦田吉慶圍208D 地下', '香港吉慶圍', 224397082, 0.39164679127677, 1140643880, 1.9907991298723, 15, '', '', 0, 0, 0, 0, '52cb08d81b285168dfabb6e1cd49d8dbc9e8eb60', '', 1674314942, 1675349904, 0),
(37, '776667df8e7442e3079f5f9bc2d771cf', 'Manji', 'Lam', 'mosquito122@yahoo.com.hk', '96128202', 'Personal Trainer ', 22, 'Oma Oma ', '香港掃管笏掃管笏路108號', 223720855, 0.39046655251268, 1140030465, 1.9897285187292, 15, '家樂坊', '香港旺角登打士街56號', 223151075, 0.38947209881148, 1141712915, 1.9926649479292, '321c0f2e6ec640c242553cd77bf5e771365c479f', '', 1674840227, 0, 0),
(38, 'c080d94ecf20a36fc50e2678730dd8e4', 'Manji', 'Lam', 'mosquito122@yahoo.com.hk', '96128202', 'Personal Trainer ', 22, 'Oma Oma', '香港掃管笏掃管笏路108號', 223720855, 0.39046655251268, 1140030465, 1.9897285187292, 15, '家樂坊', '香港旺角登打士街56號', 223151075, 0.38947209881148, 1141712915, 1.9926649479292, '321c0f2e6ec640c242553cd77bf5e771365c479f', '', 1674840313, 0, 0),
(39, 'aadd1cd90c8f9e42bb48437f0dbf360f', 'daniel', 'shek', 'daniel@at-creative.com', '94942172', 'it', 15, '皓畋', '香港何文田常盛街28號', 223193605, 0.38954632766457, 1141816284, 1.9928453608687, 15, '龍駒大廈', '香港旺角塘尾道64號龍駒企業大廈', 223217453, 0.38958795027657, 1141658116, 1.9925693056315, '835a594fd43cce7426ca245c696e342ccd6f5ca6', '', 1674923121, 1674923423, 0),
(40, '6349898725ad972ee405e0cfb0bb3d3d', 'JEFFREY', 'HUI', 'jeffrey_hui@db.com.hk', '21163393', '', 1, '', '', 0, 0, 0, 0, 1, '', '', 0, 0, 0, 0, '51e1a653f936bd3d502f10d8f0b35e7c07e03e3b', '', 1675220911, 0, 0),
(41, 'cd2e385fcbcf73184912950e9f38af2b', 'Daniel ', 'SHEK', 'danielshek2013@gmail.com', '94942172', 'Kungfu Master', 11, '杏花邨', '香港白沙灣杏花邨公共運輸交匯處', 222750990, 0.3887738187577, 1142412500, 1.993885954094, 3, '無限極廣場', '香港上環德輔道中199號無限極廣場6樓606室', 222864399, 0.38897175480284, 1141536781, 1.9923575361067, 'ca72e90f432b2b18075259c38fbb3ffa24e39d9e', '', 1675242433, 1675242587, 0),
(42, '009e9ac49d9ef876f88fa3242a3023c6', 'daniel', 'shek', 'danielshek2023@gmail.com', '94942172', '', 1, '', '', 0, 0, 0, 0, 1, '', '', 0, 0, 0, 0, 'ca72e90f432b2b18075259c38fbb3ffa24e39d9e', '', 1675242723, 0, 0),
(43, '3a8938bb262b2a9ffa671cda241bbf9a', 'martin', 'chan', 'martinchand900@icloud.com', '92271369', '', 1, '', '', 0, 0, 0, 0, 1, '', '', 0, 0, 0, 0, '1ec0c8b504ba508aab4f3bb023a6c253f84927ff', '770d50772be50ebafc7e801d7990ff73.jpg', 1675244426, 1675245187, 0),
(44, 'a063fb58f064552643aaef7befef2878', 'martin', 'chan', 'martinchand900@icloud.com', '92271369', '', 1, '', '', 0, 0, 0, 0, 1, '', '', 0, 0, 0, 0, '1ec0c8b504ba508aab4f3bb023a6c253f84927ff', '770d50772be50ebafc7e801d7990ff73.jpg', 1675244426, 1675245187, 0),
(45, 'f098de80e798b4b61cca33df1627ebae', 'martin', 'chan', 'martinchand900@icloud.com', '92271369', '', 1, '', '', 0, 0, 0, 0, 1, '', '', 0, 0, 0, 0, '1ec0c8b504ba508aab4f3bb023a6c253f84927ff', '770d50772be50ebafc7e801d7990ff73.jpg', 1675244428, 1675245187, 0),
(46, '48af360e45b8e181a299db7547b30b54', 'martin', 'chan', 'martinchand900@icloud.com', '92271369', '', 1, '', '', 0, 0, 0, 0, 1, '', '', 0, 0, 0, 0, '1ec0c8b504ba508aab4f3bb023a6c253f84927ff', '770d50772be50ebafc7e801d7990ff73.jpg', 1675244516, 1675245187, 0),
(47, '4e86b558ab64fe7699f6cea797b3e4db', 'ho', 'wan', 'no_email2000@hotmail.com', '61527756', 'personal trainer', 23, 'wah yuet hse', '香港', 223193039, 0.38954533980821, 1141693611, 1.9926312560933, 15, '家樂坊', '香港旺角登打士街56號', 223151075, 0.38947209881148, 1141712915, 1.9926649479292, '8eee434e56519d71b65268f44f67584f4096c019', 'fff6e18f880949acc373bce801851920.jpg', 1675251346, 1675251391, 0),
(48, 'ba27fe0eda2e25b6f75d915f34c2f941', 'Kwok Hei', 'Sam', 'kwokheisam@yahoo.com.hk', '62277453', '健身教練', 22, '柏麗廣場', 'Tuen Mun Parklane Square, 2 Tuen Hi Rd, Tuen Mun, Hong Kong', 223909680, 0.39079611430869, 1139772455, 1.9892782063289, 5, '豫港大廈', '90號 Jaffe Rd, Wan Chai, Hong Kong', 222784972, 0.38883312853634, 1141715033, 1.9926686445366, '7e30c77ed08e05df25e9b2b7e74147260180523c', '', 1675400352, 0, 0),
(49, 'b7a99af264ef2715a9228f10f88b8b03', 'da man', 'chan', 'daman@gmail.com', '98765432', 'PT', 8, 'Haking Building', 'Hong Kong', 223193039, 0.38954533980821, 1141693611, 1.9926312560933, 11, 'Haking Building', 'Hong Kong', 223193039, 0.38954533980821, 1141693611, 1.9926312560933, '8168ea77bdc34fd84f3bcbd30e602edf490518f5', 'd0ed289cae340f63ceef2dd58a4623b6.png', 1675407214, 1675407473, 0);

-- --------------------------------------------------------

--
-- 資料表結構 `uonlive_members_bookmark`
--

CREATE TABLE `uonlive_members_bookmark` (
  `id` int(11) NOT NULL,
  `member_id` int(11) NOT NULL,
  `provider_id` int(11) NOT NULL,
  `bookmarked` tinyint(4) NOT NULL,
  `updated_at` int(11) NOT NULL
) ENGINE=InnoDB DEFAULT CHARSET=utf8mb4;

--
-- 傾印資料表的資料 `uonlive_members_bookmark`
--

INSERT INTO `uonlive_members_bookmark` (`id`, `member_id`, `provider_id`, `bookmarked`, `updated_at`) VALUES
(1, 1, 5, 1, 1673607557),
(2, 39, 12, 1, 1674923704),
(3, 29, 18, 0, 1675251166);

-- --------------------------------------------------------

--
-- 資料表結構 `uonlive_members_like`
--

CREATE TABLE `uonlive_members_like` (
  `id` int(11) NOT NULL,
  `member_id` int(11) NOT NULL,
  `provider_id` int(11) NOT NULL,
  `liked` tinyint(4) NOT NULL,
  `updated_at` int(11) NOT NULL
) ENGINE=InnoDB DEFAULT CHARSET=utf8mb4;

--
-- 傾印資料表的資料 `uonlive_members_like`
--

INSERT INTO `uonlive_members_like` (`id`, `member_id`, `provider_id`, `liked`, `updated_at`) VALUES
(1, 1, 12, 1, 1673607062),
(2, 39, 5, 1, 1674923639),
(3, 39, 12, 1, 1674923652),
(4, 29, 18, 1, 1675251163),
(5, 28, 18, 1, 1675400765);

-- --------------------------------------------------------

--
-- 資料表結構 `uonlive_page_settings`
--

CREATE TABLE `uonlive_page_settings` (
  `id` int(11) NOT NULL,
  `main_id` int(11) NOT NULL DEFAULT '0',
  `submenu_id` int(11) NOT NULL DEFAULT '0',
  `use_navigation` tinyint(4) NOT NULL DEFAULT '1',
  `use_banner` tinyint(4) NOT NULL DEFAULT '1',
  `use_sidebar` tinyint(4) NOT NULL DEFAULT '0',
  `use_breadcrumb` tinyint(4) NOT NULL DEFAULT '0',
  `use_footer` tinyint(4) NOT NULL DEFAULT '1',
  `page_color` varchar(7) CHARACTER SET latin1 COLLATE latin1_general_ci DEFAULT NULL,
  `use_single_page` tinyint(1) NOT NULL DEFAULT '0',
  `banner_desktop` varchar(255) CHARACTER SET latin1 COLLATE latin1_general_ci NOT NULL,
  `banner_mobile` varchar(255) CHARACTER SET latin1 COLLATE latin1_general_ci NOT NULL,
  `background_image` varchar(255) CHARACTER SET latin1 COLLATE latin1_general_ci DEFAULT NULL,
  `desktop_banner_alttext` varchar(255) DEFAULT NULL,
  `mobile_banner_alttext` varchar(255) DEFAULT NULL
) ENGINE=InnoDB DEFAULT CHARSET=utf8mb4;

--
-- 傾印資料表的資料 `uonlive_page_settings`
--

INSERT INTO `uonlive_page_settings` (`id`, `main_id`, `submenu_id`, `use_navigation`, `use_banner`, `use_sidebar`, `use_breadcrumb`, `use_footer`, `page_color`, `use_single_page`, `banner_desktop`, `banner_mobile`, `background_image`, `desktop_banner_alttext`, `mobile_banner_alttext`) VALUES
(1, 1, 0, 0, 1, 0, 0, 0, NULL, 1, '202111221213438637.png', '202208011719438637.png', NULL, '主頁', '主頁'),
(2, 2, 0, 0, 1, 0, 0, 0, NULL, 1, 'banner_member.png', 'banner_member.png', NULL, '主頁', '主頁'),
(3, 3, 0, 0, 0, 0, 0, 0, NULL, 0, '202111221213438637.png', '202111221213438637.png', NULL, '主頁', '主頁'),
(4, 4, 0, 0, 1, 0, 0, 0, NULL, 1, 'banner_shop.png', 'banner_shop.png', NULL, '主頁', '主頁'),
(5, 5, 0, 0, 1, 0, 0, 0, NULL, 1, 'banner_member.png', 'banner_member.png', NULL, '主頁', '主頁'),
(6, 6, 0, 0, 1, 0, 0, 0, NULL, 0, 'banner_member.png', 'banner_member.png', NULL, '主頁', '主頁'),
(7, 7, 0, 0, 1, 0, 0, 0, NULL, 0, 'banner_member.png', 'banner_member.png', NULL, '主頁', '主頁'),
(8, 8, 0, 0, 0, 0, 0, 0, NULL, 0, 'banner_member.png', 'banner_member.png', NULL, '搜索', '搜索'),
(9, 9, 0, 0, 0, 0, 0, 0, NULL, 0, 'banner_member.png', 'banner_member.png', NULL, '關鍵字', '關鍵字'),
(10, 10, 0, 0, 1, 0, 0, 0, NULL, 0, 'banner_member.png', 'banner_member.png', NULL, '文檔', '文檔');

-- --------------------------------------------------------

--
-- 資料表結構 `uonlive_providers`
--

CREATE TABLE `uonlive_providers` (
  `id` int(11) NOT NULL,
  `brand_provider` varchar(1) CHARACTER SET latin1 COLLATE latin1_general_ci NOT NULL,
  `tag_list_id` int(11) NOT NULL,
  `tag_2nd_list_id` int(11) NOT NULL,
  `member_id` int(11) NOT NULL,
  `shop_name` varchar(255) NOT NULL,
  `shop_uri` varchar(255) NOT NULL,
  `owner_name` varchar(255) NOT NULL,
  `head_office_area` int(11) NOT NULL,
  `head_office_building` varchar(255) NOT NULL,
  `head_office_formatted_address` text NOT NULL,
  `latitude` int(11) NOT NULL,
  `latitude_rad` double NOT NULL,
  `longitude` int(11) NOT NULL,
  `longitude_rad` double NOT NULL,
  `phone` varchar(255) NOT NULL,
  `email` varchar(255) NOT NULL,
  `business_hours` text NOT NULL,
  `acting_brand` text NOT NULL,
  `brand_required` text NOT NULL,
  `avatar_photo` varchar(255) CHARACTER SET latin1 COLLATE latin1_general_ci NOT NULL,
  `shop_photo` varchar(255) CHARACTER SET latin1 COLLATE latin1_general_ci NOT NULL,
  `status` varchar(10) CHARACTER SET latin1 COLLATE latin1_general_ci NOT NULL DEFAULT 'draft' COMMENT 'draft, publish',
  `created_at` int(11) NOT NULL,
  `expired_at_1` int(11) NOT NULL,
  `updated_at` int(11) NOT NULL,
  `deleted_at` int(11) NOT NULL
) ENGINE=InnoDB DEFAULT CHARSET=utf8mb4;

--
-- 傾印資料表的資料 `uonlive_providers`
--

INSERT INTO `uonlive_providers` (`id`, `brand_provider`, `tag_list_id`, `tag_2nd_list_id`, `member_id`, `shop_name`, `shop_uri`, `owner_name`, `head_office_area`, `head_office_building`, `head_office_formatted_address`, `latitude`, `latitude_rad`, `longitude`, `longitude_rad`, `phone`, `email`, `business_hours`, `acting_brand`, `brand_required`, `avatar_photo`, `shop_photo`, `status`, `created_at`, `expired_at_1`, `updated_at`, `deleted_at`) VALUES
(1, 'B', 18, 0, 1, '投注站', '投注站', '投注站經理', 15, '龍駒企業大廈 ', '香港旺角塘尾道64號龍駒企業大廈', 223217453, 0.38958795027657, 1141658116, 1.9925693056315, '98765432', 'chantaiman@gmail.com', '', '', '[\"1\",\"4\",\"5\"]', '07eb94433bae1dbc803284340c55e3c0.jpg', '680f103af2f45d3c22189ff6602fdd58.jpeg', 'publish', 1668024060, 1670515200, 1675856675, 0),
(2, 'P', 15, 0, 2, '電器鋪', '電器鋪', '電器師傅', 15, '現時點', '香港油麻地彌敦道永僑大廈', 223133363, 0.38944118553977, 1141707503, 1.9926555022073, '98765432', 'chansiuman@gmail.com', '', '', '', 'aead51957b091ddd2c9d63a586574f03.jpeg', 'b4b6bc04ad7992f34878d49770cb7bb7.jpeg', 'publish', 1668244567, 1670688000, 1668400780, 0),
(3, 'P', 1, 0, 3, '洗衣舖', '洗衣舖', '李大嘴', 16, '鴻運大廈', '香港塘尾長沙灣道37號鴻運大廈', 223273240, 0.38968531695955, 1141664710, 1.9925808143326, '98765432', 'leetaitsui@gmail.com', '', '', '', 'ed6506d56be7c1a46f40c7bc900705c1.jpg', 'cc688a661ca1e0e816aa4148f5105952.jpeg', 'publish', 1668392568, 1670860800, 1668400873, 0),
(4, 'P', 1, 0, 4, '五金舖', '五金舖', '荷仙姑', 16, '皇太子大廈', '香港旺角水渠道46-52號', 223238877, 0.38962534221046, 1141700493, 1.9926432674492, '98765432', 'hosinku@gmail.com', '', '', '', '7be3b2b17da5d5b92d2964676910c93f.png', '12b5ee011c99260e68a55ce896ec2dde.jpg', 'publish', 1668400908, 1670860800, 1668401062, 0),
(5, 'B', 9, 0, 5, 'DB shop 2', 'db-shop-2', '秦善文', 22, 'Tuen Mum center', 'Tuen Mun Centre, 7-35 Yan Ching St, San Hui, Hong Kong', 223959619, 0.39088327430621, 1139752995, 1.9892442422216, '90971623', 'stsun@me.com', '<p>12am to 6pm everyday</p>', 't-adler', '', 'ff348d1951975f7c447de153d9db5969.jpeg', 'a4cb7311a8f0718d488a5979e1973949.jpeg', 'publish', 1669189517, 1671638400, 1669605859, 0),
(6, 'P', 2, 0, 6, 'abc', 'abc', 'summer', 1, '粵財大廈', '香港上環干諾道西88號粵財大廈', 222882220, 0.38900285831544, 1141457494, 1.9922191541863, '95884493', 'summeradg@hotmail.com', '<p>9am-6pm</p>', 'Uonlive summer design', '', '2f52dd44a9ccc3d67ca1f830239aea18.jpg', '143701e5c1c7f4fcfb051d972627fc08.jpg', 'publish', 1669360678, 1671811200, 1669361696, 0),
(7, 'P', 1, 0, 13, '', '', '', 1, '', '', 0, 0, 0, 0, '', '', '', '', '', '', '', 'draft', 1669453326, 1671897600, 0, 0),
(8, 'P', 1, 0, 14, '', '', '', 1, '', '', 0, 0, 0, 0, '', '', '', '', '', '', '', 'draft', 1669541935, 1671984000, 0, 0),
(9, 'P', 1, 0, 15, '', '', '', 1, '', '', 0, 0, 0, 0, '', '', '', '', '', '', '', 'draft', 1669704023, 1672156800, 0, 0),
(10, 'P', 1, 0, 16, '', '', '', 1, '', '', 0, 0, 0, 0, '', '', '', '', '', '', '', 'draft', 1669867804, 1672416000, 0, 0),
(11, 'B', 19, 0, 22, 'e-health.link', 'e-health-link', 'Kelvin', 15, '金門商業大廈', '香港尖沙咀柯士甸道136～138號', 223031223, 0.38926291760997, 1141739594, 1.9927115115683, '54922872', 'kchan@excelinkglobal.com', '', '', '[\"1\",\"2\",\"4\",\"5\"]', '', '', 'draft', 1673075547, 1675612800, 1673105211, 0),
(12, 'B', 9, 0, 25, 'Snap', 'snap', 'Walter', 6, 'kiu hing mansion', '香港銅鑼灣英皇道14號', 222828522, 0.38890913762526, 1141926956, 1.9930385199476, '69058919', 'koon.1027@gmail.com', '', '', '[\"1\",\"4\",\"5\"]', '9f7c48fdfa70b1e90ff6449a75d9caa2.png', '59b3453315ee7e60807dff9afe4b9c46.png', 'publish', 1673192179, 1675699200, 1675610215, 0),
(13, 'B', 9, 0, 29, 'Ho@健身教練', 'ho-健身教練', 'ho', 15, '家樂坊', '香港旺角登打士街56號', 223151075, 0.38947209881148, 1141712915, 1.9926649479292, '61527756', 'no_email2000@hotmail.com', '', '', '[\"4\"]', '2657837b1540f2635bad9670edea3875.jpeg', 'a7bac6eaea9027e11c54e4b4718d122b.JPG', 'publish', 1673287103, 1675872000, 1675425506, 0),
(14, 'P', 1, 0, 27, '', '', '', 1, '', '', 0, 0, 0, 0, '', '', '', '', '{}', '', '', 'draft', 1673411707, 1675958400, 0, 0),
(15, 'P', 1, 0, 31, 'Ketket', 'ketket', 'Lyly ', 1, '', '', 0, 0, 0, 0, '8436285940', 'loannguyen@yopmail.com', '', '', '[]', '29d520b033bfd8f58e8ffd20df3024c7.jpg', '', 'draft', 1673412643, 1675958400, 1673418430, 0),
(16, 'P', 9, 0, 28, 'Sport pig', 'sport-pig', 'Sport pig', 1, 'EDF building', '香港', 223193039, 0.38954533980821, 1141693611, 1.9926312560933, '62277453', 'kwokheisam@yahoo.com.hk', '', '', '[]', '', '', 'draft', 1673415271, 1675958400, 1673440807, 0),
(17, 'P', 1, 0, 39, '', '', '', 1, '', '', 0, 0, 0, 0, '', '', '', '', '{}', '', '', 'draft', 1674924412, 0, 0, 0),
(18, 'P', 15, 0, 40, 'DB Koo ', 'db-koo', 'Mr. Koo', 3, 'Guangdong Finance Building', '香港上環干諾道西88號粵財大廈', 222882220, 0.38900285831544, 1141457494, 1.9922191541863, '25482098', 'jeffrey_hui@db.com.hk', '<p>10:00 - 20:00</p>', '', '[]', 'd80a9627ba512a57b2529bd189602ef9.png', '288775e476e73972329ffc34edea230f.jpg', 'draft', 1675240955, 0, 1675241427, 0),
(19, 'P', 1, 0, 42, '', '', '', 1, '', '', 0, 0, 0, 0, '', '', '', '', '{}', '', '', 'draft', 1675242817, 0, 0, 0),
(20, 'P', 9, 0, 36, 'Hhh', 'hhh', 'Healy', 15, '', '', 0, 0, 0, 0, '55118193', 'hiuying.wong0725@gmail.com', '', '', '[]', '', '', 'draft', 1675349790, 0, 1675350328, 0);

-- --------------------------------------------------------

--
-- 資料表結構 `uonlive_providers_brand`
--

CREATE TABLE `uonlive_providers_brand` (
  `id` int(11) NOT NULL,
  `providers_id` int(11) NOT NULL,
  `brand` varchar(255) NOT NULL,
  `created_at` int(11) NOT NULL,
  `updated_at` int(11) NOT NULL
) ENGINE=InnoDB DEFAULT CHARSET=utf8mb4;

--
-- 傾印資料表的資料 `uonlive_providers_brand`
--

INSERT INTO `uonlive_providers_brand` (`id`, `providers_id`, `brand`, `created_at`, `updated_at`) VALUES
(1, 5, 't-adler', 1669189517, 1669605859),
(4, 1, 'Coca Cola', 1671786925, 1675856675),
(5, 1, 'Dairy Farm', 1671786925, 1675856675),
(6, 11, 'Solidea', 1673105043, 1673105211),
(8, 13, 'protein', 1675425506, 0),
(9, 12, 'snap', 1675609690, 1675610215),
(10, 12, 'zara', 1675610215, 0);

-- --------------------------------------------------------

--
-- 資料表結構 `uonlive_providers_hashtag`
--

CREATE TABLE `uonlive_providers_hashtag` (
  `id` int(11) NOT NULL,
  `providers_id` int(11) NOT NULL,
  `hashtag_id` int(11) NOT NULL
) ENGINE=InnoDB DEFAULT CHARSET=utf8mb4;

--
-- 傾印資料表的資料 `uonlive_providers_hashtag`
--

INSERT INTO `uonlive_providers_hashtag` (`id`, `providers_id`, `hashtag_id`) VALUES
(69, 6, 1),
(70, 6, 2),
(71, 6, 3),
(72, 6, 4),
(73, 6, 5),
(74, 6, 6),
(75, 6, 7),
(76, 6, 8),
(77, 6, 9),
(78, 6, 10),
(79, 6, 11),
(157, 5, 1),
(158, 5, 2),
(159, 5, 3),
(160, 5, 4),
(161, 5, 5),
(162, 5, 6),
(163, 5, 7),
(164, 5, 8),
(165, 5, 9),
(166, 5, 10),
(167, 5, 11),
(230, 11, 1),
(231, 11, 2),
(232, 11, 3),
(233, 11, 4),
(234, 11, 5),
(235, 11, 6),
(236, 11, 7),
(237, 11, 8),
(238, 11, 9),
(239, 11, 10),
(240, 11, 11),
(241, 11, 12),
(242, 11, 13),
(243, 11, 14),
(244, 11, 15),
(245, 11, 16),
(246, 11, 17),
(247, 11, 18),
(248, 11, 19),
(249, 11, 20),
(718, 16, 1),
(719, 16, 2),
(720, 16, 3),
(721, 16, 4),
(722, 16, 5),
(723, 16, 6),
(724, 16, 7),
(725, 16, 8),
(726, 16, 9),
(727, 16, 10),
(728, 16, 11),
(729, 16, 12),
(730, 16, 13),
(731, 16, 14),
(732, 16, 15),
(733, 16, 16),
(734, 16, 17),
(735, 16, 18),
(736, 16, 19),
(737, 16, 20),
(738, 16, 21),
(739, 16, 22),
(740, 16, 23),
(741, 16, 24),
(742, 16, 25),
(743, 16, 26),
(744, 16, 27),
(745, 16, 28),
(746, 16, 29),
(747, 16, 30),
(869, 18, 31),
(870, 18, 32),
(871, 18, 33),
(933, 20, 35),
(1117, 13, 17),
(1118, 13, 18),
(1119, 13, 19),
(1120, 13, 20),
(1121, 13, 21),
(1122, 13, 22),
(1123, 13, 23),
(1124, 13, 25),
(1125, 13, 26),
(1126, 13, 27),
(1127, 13, 28),
(1128, 13, 29),
(1129, 13, 36),
(1130, 13, 37),
(1131, 13, 38),
(1132, 13, 39),
(1133, 13, 40),
(1209, 12, 1),
(1210, 12, 2),
(1211, 12, 3),
(1212, 12, 4),
(1213, 12, 5),
(1214, 12, 6),
(1215, 12, 7),
(1216, 12, 8),
(1217, 12, 9),
(1218, 12, 10),
(1219, 12, 11),
(1220, 12, 12),
(1221, 12, 13),
(1222, 12, 14),
(1223, 12, 15),
(1224, 12, 16),
(1225, 12, 17),
(1226, 12, 18),
(1227, 12, 19),
(1228, 12, 20),
(1229, 12, 21),
(1230, 12, 22),
(1231, 12, 23),
(1232, 12, 24),
(1233, 12, 25),
(1238, 1, 1),
(1239, 1, 2);

-- --------------------------------------------------------

--
-- 資料表結構 `uonlive_providers_service`
--

CREATE TABLE `uonlive_providers_service` (
  `id` int(11) NOT NULL,
  `providers_id` int(11) NOT NULL,
  `token` varchar(32) CHARACTER SET latin1 COLLATE latin1_general_ci NOT NULL,
  `name` varchar(255) NOT NULL,
  `summary` text NOT NULL,
  `content` text NOT NULL,
  `displayorder` int(11) NOT NULL,
  `visible` tinyint(4) NOT NULL,
  `created_at` int(11) NOT NULL,
  `updated_at` int(11) NOT NULL
) ENGINE=InnoDB DEFAULT CHARSET=utf8mb4;

--
-- 傾印資料表的資料 `uonlive_providers_service`
--

INSERT INTO `uonlive_providers_service` (`id`, `providers_id`, `token`, `name`, `summary`, `content`, `displayorder`, `visible`, `created_at`, `updated_at`) VALUES
(1, 1, '5085dcb19a3a1d76e16b3c044c02894c', '東瀛遊 EGL Tours', '東瀛遊 EGL Tours 前身為耀騰旅行社有限公司，在香港由多位熟悉日本文化的旅遊業者成立，早期的業務以接待在日本的香港旅行團為主。', '<p style=\"margin-left:0px;\"><span style=\"color:rgb(51,153,204);\">東瀛遊 EGL Tours </span>的創辦人憑著「<strong>以誠為本、以客為尊、不斷提高優質服務</strong>」的宗旨，抱著提供物超所值的信念，以獨特的員工培訓活動，引領全體員工用心地向顧客提供優質體貼的服務。他們在香港以「東瀛遊 EGL Tours」作為品牌，舉辦重量更重質的日本旅行團，深受消費者歡迎，東瀛遊 EGL Tours 因此漸漸成為一個旅行社中之「品牌」。</p><p style=\"margin-left:0px;\"><span style=\"color:rgb(51,153,204);\">東瀛遊 EGL Tours </span>的服務文化深受顧客的認同， 並陸續開拓不同的旅遊路線，由單一日本專線發展至東南亞、澳洲、歐洲、埃及、南非、中國長短各線及郵輪假期。與此同時，<span style=\"color:hsl(120, 75%, 60%);\">東瀛遊 EGL Tours</span> 推出不同國家之自由行套餐、包團、代訂機票及酒店等服務，致力提供多元化及優質的旅遊產品予香港及澳門市民。</p><p style=\"margin-left:0px;\">為喚起大眾出外旅遊的興趣，<span style=\"color:rgb(51,153,204);\">東瀛遊 EGL Tours </span>把不同年份設定為不同的旅遊主題，如2009年的「中國年」、2010年的「瀛玩亞洲」、2011年的「開心玩 足25年」及2012年的「博覽全球」等。這個安排，不單加深大眾對東瀛遊 EGL Tours 的認知，而且更有效宣傳東瀛遊各個旅遊路線。2013年為東瀛遊 EGL Tours「主題旅遊年」，推出多個主題旅行團，致力規劃創新的旅遊行程，包括瀛悠品味至尊系列旅行團、冠軍教練馮華添馬拉松旅行團、瀛影達人何振威攝影團等，為顧客創造獨特的旅遊體驗。</p>', 2, 1, 1668024749, 0),
(2, 5, 'e72e8392ce6b980a14d345386539f700', 'cable selling or trading', 'T-Adler cable, tiara cable', '<p>T-Adler power cable HK$10000</p><p>Tiara connecting cable HK9000</p><p>Trading cable 50%</p>', 1, 1, 1669192032, 1669690561),
(3, 5, '3b06cd7f52dda7fab1773ad9aefbafa0', 'DB buzzer', 'magnetic buzzer, Piezo buzzer mechanical transducer', '<p>&nbsp;Magnetic buzzer TDB05 HK5.00</p><p>Piezo buzzer 238PZ14500 HK8.00</p>', 2, 1, 1669192119, 0),
(4, 5, 'ac539eaabc8f169d727e5e258a70c921', 'speaker cable repair', '24 hour personal repair', '<p>500 each time without other charges.&nbsp;</p>', 3, 0, 1669606584, 0),
(5, 12, '4a5c3dc222e7de36ed0e5f58287d0b27', 'personal training', 'Muscle gain & fat lose', '<p>1 on 1 training</p><p>diet following</p><p>Routine design</p><p>sport massage</p>', 1, 1, 1673193096, 1673193653),
(6, 12, 'f61703b9e5ccec334009a6ef24c435dd', 'sport massage', 'Professional sport massage', '<ul><li>fascial pressure release</li><li>post surgrey theorphy</li><li>&nbsp;</li></ul>', 2, 0, 1673194050, 0),
(7, 15, 'e3f60dc7504aae38b40fee222b809232', 'Foody booking ', 'Enjoy food everytime, everywhere', '<p>Enjoy food everytime, everywhere. Why not?</p>', 1, 0, 1673418700, 0),
(8, 18, '5926a44ce84a33ebd408acf4b608ade2', '123456', 'abccccc', '<p>deffffffff</p>', 1, 1, 1675241638, 1675241815),
(9, 18, 'f326046caed1e246e90b69d5ae0ab6dd', '654321', 'abcddddddd', '<p>dfafdfdfdddddddddddddddddddddd</p>', 2, 0, 1675243059, 0),
(10, 1, '1f11414ed3394f55e45fbc643fa08050', 'Testing', 'Testing', '<p>Testing</p>', 1, 0, 1675855781, 0);

-- --------------------------------------------------------

--
-- 資料表結構 `uonlive_providers_service_photo`
--

CREATE TABLE `uonlive_providers_service_photo` (
  `id` int(11) NOT NULL,
  `providers_service_id` int(11) NOT NULL,
  `displayorder` int(11) NOT NULL,
  `photo` varchar(255) CHARACTER SET latin1 COLLATE latin1_general_ci NOT NULL,
  `created_at` int(11) NOT NULL,
  `updated_at` int(11) NOT NULL
) ENGINE=InnoDB DEFAULT CHARSET=utf8mb4;

--
-- 傾印資料表的資料 `uonlive_providers_service_photo`
--

INSERT INTO `uonlive_providers_service_photo` (`id`, `providers_service_id`, `displayorder`, `photo`, `created_at`, `updated_at`) VALUES
(1, 1, 1, '1d785093c4aa5a5371482fb829cb50e4.jpg', 1668024749, 0),
(2, 2, 1, 'd373a3a84b8ae2165c1f9b0258932a26.jpeg', 1669192032, 0),
(3, 3, 1, 'b085fbef4546916e0a27df480cc76e82.jpeg', 1669192119, 0),
(4, 4, 1, 'b626a748b1d91fa55a6a41b2de84636e.png', 1669606584, 0),
(8, 5, 4, 'e658435d3b240d3090e5a3ed3b67f0d4.png', 1673193096, 0),
(9, 5, 5, '3369b26518b2fdc2f25aba0285642f59.png', 1673193653, 0),
(10, 5, 6, '885b0115d77ffe7e078270cf8dfa816b.png', 1673193653, 0),
(11, 6, 1, '07c5b3b8941d1c23cdaf778a974e57f1.png', 1673194050, 0),
(12, 6, 2, 'ad78721c3ce32b573af19240ac35408a.png', 1673194050, 0),
(13, 7, 1, '2ad90ea69ebda8770f664bb6b33283d4.jpg', 1673418700, 0),
(14, 8, 1, '73f5f532f625d1ab9afaad07a9982afe.png', 1675241638, 0),
(15, 9, 1, '977f8387fa8cf1dae4df93aaea958601.webp', 1675243059, 0),
(16, 10, 1, '9284d84c398a28bbac85e00a30a2834f.jpg', 1675855781, 0);

-- --------------------------------------------------------

--
-- 資料表結構 `uonlive_providers_socials`
--

CREATE TABLE `uonlive_providers_socials` (
  `id` int(11) NOT NULL,
  `providers_id` int(11) NOT NULL,
  `social_type` varchar(20) NOT NULL,
  `social_url` varchar(255) NOT NULL,
  `created_at` int(11) NOT NULL,
  `updated_at` int(11) NOT NULL
) ENGINE=InnoDB DEFAULT CHARSET=utf8mb4;

--
-- 傾印資料表的資料 `uonlive_providers_socials`
--

INSERT INTO `uonlive_providers_socials` (`id`, `providers_id`, `social_type`, `social_url`, `created_at`, `updated_at`) VALUES
(1, 1, 'whatsapp', '98765432', 1668024245, 1675856675),
(2, 1, 'facebook', 'https://zh-hk.facebook.com/TheHongKongJockeyClub/', 1668024245, 1675856675),
(3, 1, 'instagram', 'https://www.instagram.com/hkjc_community/', 1668024245, 1675856675),
(4, 1, 'youtube', 'https://www.youtube.com/user/HKJC', 1668024245, 1675856675),
(5, 2, 'whatsapp', '98765432', 1668244903, 1668400780),
(6, 3, 'whatsapp', '98765432', 1668392891, 1668400873),
(7, 4, 'whatsapp', '98765432', 1668401055, 1668401062),
(8, 5, 'whatsapp', '90971623', 1669191078, 1669605859),
(9, 6, 'whatsapp', '95884493', 1669360767, 1669361696),
(10, 6, 'facebook', '心麻', 1669361553, 1669361696),
(11, 5, 'facebook', 'sam tsun', 1669454809, 1669605859),
(12, 11, 'whatsapp', '54922872', 1673105043, 1673105211),
(13, 12, 'whatsapp', '69058919', 1673192439, 1675610215),
(14, 13, 'whatsapp', '61527756', 1673287294, 1675425506),
(15, 13, 'facebook', 'wanwaiho', 1673368151, 1675425506),
(16, 13, 'instagram', 'wan_wai_ho', 1673368151, 1675425506),
(17, 16, 'whatsapp', '62277453', 1673416347, 1673440807),
(18, 15, 'whatsapp', '8436285940', 1673418430, 0),
(19, 18, 'whatsapp', '25482098', 1675241394, 1675241427),
(20, 20, 'whatsapp', '55118193', 1675350093, 1675350328),
(21, 20, 'instagram', 'Fitness_healy', 1675350093, 1675350328),
(22, 12, 'instagram', 'walter_koon', 1675609565, 1675610215);

-- --------------------------------------------------------

--
-- 資料表結構 `uonlive_purchasing_info`
--

CREATE TABLE `uonlive_purchasing_info` (
  `id` int(11) NOT NULL,
  `member_id` int(11) NOT NULL,
  `order_no` varchar(255) CHARACTER SET latin1 COLLATE latin1_general_ci NOT NULL,
  `item` text NOT NULL,
  `amount` decimal(10,2) NOT NULL,
  `effective_date` int(11) NOT NULL,
  `expiry_date` int(11) NOT NULL,
  `checkout_session` text NOT NULL,
  `checkout_session_id` varchar(255) CHARACTER SET latin1 COLLATE latin1_general_ci NOT NULL,
  `payment_status` varchar(10) CHARACTER SET latin1 COLLATE latin1_general_ci NOT NULL,
  `created_at` timestamp NULL DEFAULT NULL,
  `updated_at` timestamp NULL DEFAULT NULL
) ENGINE=InnoDB DEFAULT CHARSET=utf8mb4;

--
-- 傾印資料表的資料 `uonlive_purchasing_info`
--

INSERT INTO `uonlive_purchasing_info` (`id`, `member_id`, `order_no`, `item`, `amount`, `effective_date`, `expiry_date`, `checkout_session`, `checkout_session_id`, `payment_status`, `created_at`, `updated_at`) VALUES
(1, 1, 'INV2023010001', '升級為服務提供者／品牌', '230.00', 1673929885, 1676521885, 'Stripe\\Checkout\\Session Object\n(\n    [id] => cs_test_a1LbuuMewgkMMC0poIkmHUPhSllE3nqYB7vQ4pzKilrlzqOLVZMlyUgAJ3\n    [object] => checkout.session\n    [after_expiration] => \n    [allow_promotion_codes] => \n    [amount_subtotal] => 23000\n    [amount_total] => 23000\n    [automatic_tax] => Stripe\\StripeObject Object\n        (\n            [enabled] => \n            [status] => \n        )\n\n    [billing_address_collection] => \n    [cancel_url] => https://uonlive.at-onlinesystem.com/member/upgrade_fail\n    [client_reference_id] => \n    [consent] => \n    [consent_collection] => \n    [created] => 1673929892\n    [currency] => hkd\n    [custom_text] => Stripe\\StripeObject Object\n        (\n            [shipping_address] => \n            [submit] => \n        )\n\n    [customer] => \n    [customer_creation] => always\n    [customer_details] => \n    [customer_email] => \n    [expires_at] => 1674016291\n    [invoice] => \n    [invoice_creation] => Stripe\\StripeObject Object\n        (\n            [enabled] => \n            [invoice_data] => Stripe\\StripeObject Object\n                (\n                    [account_tax_ids] => \n                    [custom_fields] => \n                    [description] => \n                    [footer] => \n                    [metadata] => Stripe\\StripeObject Object\n                        (\n                        )\n\n                    [rendering_options] => \n                )\n\n        )\n\n    [livemode] => \n    [locale] => \n    [metadata] => Stripe\\StripeObject Object\n        (\n        )\n\n    [mode] => payment\n    [payment_intent] => pi_3MR6pcKoxlGrMqZg1XoZthjp\n    [payment_link] => \n    [payment_method_collection] => always\n    [payment_method_options] => Array\n        (\n        )\n\n    [payment_method_types] => Array\n        (\n            [0] => card\n        )\n\n    [payment_status] => unpaid\n    [phone_number_collection] => Stripe\\StripeObject Object\n        (\n            [enabled] => \n        )\n\n    [recovered_from] => \n    [setup_intent] => \n    [shipping] => \n    [shipping_address_collection] => \n    [shipping_options] => Array\n        (\n        )\n\n    [shipping_rate] => \n    [status] => open\n    [submit_type] => \n    [subscription] => \n    [success_url] => https://uonlive.at-onlinesystem.com/member/upgrade_success?session_id={CHECKOUT_SESSION_ID}\n    [total_details] => Stripe\\StripeObject Object\n        (\n            [amount_discount] => 0\n            [amount_shipping] => 0\n            [amount_tax] => 0\n        )\n\n    [url] => https://checkout.stripe.com/c/pay/cs_test_a1LbuuMewgkMMC0poIkmHUPhSllE3nqYB7vQ4pzKilrlzqOLVZMlyUgAJ3#fidkdWxOYHwnPyd1blpxYHZxWjA0TGFxZlNOan1pQndIdF9iVH1SbnJMUW1uV3JSSmd3b0RGTDZRb311aTI8QmhUMFFjNn1IMERPdjI3bGZmYGhBYWJxVndHb3AzSDZETFROdEBKQUJcZzZ2NTVTQmFCMmA8QScpJ2N3amhWYHdzYHcnP3F3cGApJ2lkfGpwcVF8dWAnPyd2bGtiaWBabHFgaCcpJ2BrZGdpYFVpZGZgbWppYWB3dic%2FcXdwYHgl\n)\n', 'cs_test_a1LbuuMewgkMMC0poIkmHUPhSllE3nqYB7vQ4pzKilrlzqOLVZMlyUgAJ3', 'COMPLETE', '2023-01-17 04:31:30', '2023-01-17 04:31:56'),
(2, 28, '', '升級為服務提供者／品牌', '230.00', 1673963363, 1676555363, 'Stripe\\Checkout\\Session Object\n(\n    [id] => cs_test_a1Qs7utX6jqXQcGaYozjtDOeTiv6dIiSCeMCFgjHjPuB556sAkvvrFHbyW\n    [object] => checkout.session\n    [after_expiration] => \n    [allow_promotion_codes] => \n    [amount_subtotal] => 23000\n    [amount_total] => 23000\n    [automatic_tax] => Stripe\\StripeObject Object\n        (\n            [enabled] => \n            [status] => \n        )\n\n    [billing_address_collection] => \n    [cancel_url] => https://uonlive.at-onlinesystem.com/member/upgrade_fail\n    [client_reference_id] => \n    [consent] => \n    [consent_collection] => \n    [created] => 1673963381\n    [currency] => hkd\n    [custom_text] => Stripe\\StripeObject Object\n        (\n            [shipping_address] => \n            [submit] => \n        )\n\n    [customer] => \n    [customer_creation] => always\n    [customer_details] => \n    [customer_email] => \n    [expires_at] => 1674049780\n    [invoice] => \n    [invoice_creation] => Stripe\\StripeObject Object\n        (\n            [enabled] => \n            [invoice_data] => Stripe\\StripeObject Object\n                (\n                    [account_tax_ids] => \n                    [custom_fields] => \n                    [description] => \n                    [footer] => \n                    [metadata] => Stripe\\StripeObject Object\n                        (\n                        )\n\n                    [rendering_options] => \n                )\n\n        )\n\n    [livemode] => \n    [locale] => \n    [metadata] => Stripe\\StripeObject Object\n        (\n        )\n\n    [mode] => payment\n    [payment_intent] => pi_3MRFXlKoxlGrMqZg0UPShaMe\n    [payment_link] => \n    [payment_method_collection] => always\n    [payment_method_options] => Array\n        (\n        )\n\n    [payment_method_types] => Array\n        (\n            [0] => card\n        )\n\n    [payment_status] => unpaid\n    [phone_number_collection] => Stripe\\StripeObject Object\n        (\n            [enabled] => \n        )\n\n    [recovered_from] => \n    [setup_intent] => \n    [shipping] => \n    [shipping_address_collection] => \n    [shipping_options] => Array\n        (\n        )\n\n    [shipping_rate] => \n    [status] => open\n    [submit_type] => \n    [subscription] => \n    [success_url] => https://uonlive.at-onlinesystem.com/member/upgrade_success?session_id={CHECKOUT_SESSION_ID}\n    [total_details] => Stripe\\StripeObject Object\n        (\n            [amount_discount] => 0\n            [amount_shipping] => 0\n            [amount_tax] => 0\n        )\n\n    [url] => https://checkout.stripe.com/c/pay/cs_test_a1Qs7utX6jqXQcGaYozjtDOeTiv6dIiSCeMCFgjHjPuB556sAkvvrFHbyW#fidkdWxOYHwnPyd1blpxYHZxWjA0TGFxZlNOan1pQndIdF9iVH1SbnJMUW1uV3JSSmd3b0RGTDZRb311aTI8QmhUMFFjNn1IMERPdjI3bGZmYGhBYWJxVndHb3AzSDZETFROdEBKQUJcZzZ2NTVTQmFCMmA8QScpJ2N3amhWYHdzYHcnP3F3cGApJ2lkfGpwcVF8dWAnPyd2bGtiaWBabHFgaCcpJ2BrZGdpYFVpZGZgbWppYWB3dic%2FcXdwYHgl\n)\n', '', 'NOT_START', '2023-01-17 13:49:41', NULL),
(3, 29, '', '升級為服務提供者／品牌', '230.00', 1674056326, 1676648326, 'Stripe\\Checkout\\Session Object\n(\n    [id] => cs_test_a1bNeKiajiaePQZE1c8u0AyuQe58lKBvhCsPtgYJiDORix3EyiJqLoB6b9\n    [object] => checkout.session\n    [after_expiration] => \n    [allow_promotion_codes] => \n    [amount_subtotal] => 23000\n    [amount_total] => 23000\n    [automatic_tax] => Stripe\\StripeObject Object\n        (\n            [enabled] => \n            [status] => \n        )\n\n    [billing_address_collection] => \n    [cancel_url] => https://uonlive.at-onlinesystem.com/member/upgrade_fail\n    [client_reference_id] => \n    [consent] => \n    [consent_collection] => \n    [created] => 1674056332\n    [currency] => hkd\n    [custom_text] => Stripe\\StripeObject Object\n        (\n            [shipping_address] => \n            [submit] => \n        )\n\n    [customer] => \n    [customer_creation] => always\n    [customer_details] => \n    [customer_email] => \n    [expires_at] => 1674142732\n    [invoice] => \n    [invoice_creation] => Stripe\\StripeObject Object\n        (\n            [enabled] => \n            [invoice_data] => Stripe\\StripeObject Object\n                (\n                    [account_tax_ids] => \n                    [custom_fields] => \n                    [description] => \n                    [footer] => \n                    [metadata] => Stripe\\StripeObject Object\n                        (\n                        )\n\n                    [rendering_options] => \n                )\n\n        )\n\n    [livemode] => \n    [locale] => \n    [metadata] => Stripe\\StripeObject Object\n        (\n        )\n\n    [mode] => payment\n    [payment_intent] => pi_3MRdiyKoxlGrMqZg18Quqple\n    [payment_link] => \n    [payment_method_collection] => always\n    [payment_method_options] => Array\n        (\n        )\n\n    [payment_method_types] => Array\n        (\n            [0] => card\n        )\n\n    [payment_status] => unpaid\n    [phone_number_collection] => Stripe\\StripeObject Object\n        (\n            [enabled] => \n        )\n\n    [recovered_from] => \n    [setup_intent] => \n    [shipping] => \n    [shipping_address_collection] => \n    [shipping_options] => Array\n        (\n        )\n\n    [shipping_rate] => \n    [status] => open\n    [submit_type] => \n    [subscription] => \n    [success_url] => https://uonlive.at-onlinesystem.com/member/upgrade_success?session_id={CHECKOUT_SESSION_ID}\n    [total_details] => Stripe\\StripeObject Object\n        (\n            [amount_discount] => 0\n            [amount_shipping] => 0\n            [amount_tax] => 0\n        )\n\n    [url] => https://checkout.stripe.com/c/pay/cs_test_a1bNeKiajiaePQZE1c8u0AyuQe58lKBvhCsPtgYJiDORix3EyiJqLoB6b9#fidkdWxOYHwnPyd1blpxYHZxWjA0TGFxZlNOan1pQndIdF9iVH1SbnJMUW1uV3JSSmd3b0RGTDZRb311aTI8QmhUMFFjNn1IMERPdjI3bGZmYGhBYWJxVndHb3AzSDZETFROdEBKQUJcZzZ2NTVTQmFCMmA8QScpJ2N3amhWYHdzYHcnP3F3cGApJ2lkfGpwcVF8dWAnPyd2bGtiaWBabHFgaCcpJ2BrZGdpYFVpZGZgbWppYWB3dic%2FcXdwYHgl\n)\n', '', 'NOT_START', '2023-01-18 15:38:52', NULL),
(4, 34, '', '升級為服務提供者／品牌', '300.00', 1674221904, 1676813904, 'Stripe\\Checkout\\Session Object\n(\n    [id] => cs_test_a1PLVXxu0BFfLZkHoyBzkn7sgonTgXUfsFxPYYOzjXYhOtrbkE9rMopMdh\n    [object] => checkout.session\n    [after_expiration] => \n    [allow_promotion_codes] => \n    [amount_subtotal] => 30000\n    [amount_total] => 30000\n    [automatic_tax] => Stripe\\StripeObject Object\n        (\n            [enabled] => \n            [status] => \n        )\n\n    [billing_address_collection] => \n    [cancel_url] => https://uonlive.at-onlinesystem.com/member/upgrade_fail\n    [client_reference_id] => \n    [consent] => \n    [consent_collection] => \n    [created] => 1674221910\n    [currency] => hkd\n    [custom_text] => Stripe\\StripeObject Object\n        (\n            [shipping_address] => \n            [submit] => \n        )\n\n    [customer] => \n    [customer_creation] => always\n    [customer_details] => \n    [customer_email] => \n    [expires_at] => 1674308309\n    [invoice] => \n    [invoice_creation] => Stripe\\StripeObject Object\n        (\n            [enabled] => \n            [invoice_data] => Stripe\\StripeObject Object\n                (\n                    [account_tax_ids] => \n                    [custom_fields] => \n                    [description] => \n                    [footer] => \n                    [metadata] => Stripe\\StripeObject Object\n                        (\n                        )\n\n                    [rendering_options] => \n                )\n\n        )\n\n    [livemode] => \n    [locale] => \n    [metadata] => Stripe\\StripeObject Object\n        (\n        )\n\n    [mode] => payment\n    [payment_intent] => pi_3MSKnaKoxlGrMqZg1d10nxhx\n    [payment_link] => \n    [payment_method_collection] => always\n    [payment_method_options] => Array\n        (\n        )\n\n    [payment_method_types] => Array\n        (\n            [0] => card\n        )\n\n    [payment_status] => unpaid\n    [phone_number_collection] => Stripe\\StripeObject Object\n        (\n            [enabled] => \n        )\n\n    [recovered_from] => \n    [setup_intent] => \n    [shipping] => \n    [shipping_address_collection] => \n    [shipping_options] => Array\n        (\n        )\n\n    [shipping_rate] => \n    [status] => open\n    [submit_type] => \n    [subscription] => \n    [success_url] => https://uonlive.at-onlinesystem.com/member/upgrade_success?session_id={CHECKOUT_SESSION_ID}\n    [total_details] => Stripe\\StripeObject Object\n        (\n            [amount_discount] => 0\n            [amount_shipping] => 0\n            [amount_tax] => 0\n        )\n\n    [url] => https://checkout.stripe.com/c/pay/cs_test_a1PLVXxu0BFfLZkHoyBzkn7sgonTgXUfsFxPYYOzjXYhOtrbkE9rMopMdh#fidkdWxOYHwnPyd1blpxYHZxWjA0TGFxZlNOan1pQndIdF9iVH1SbnJMUW1uV3JSSmd3b0RGTDZRb311aTI8QmhUMFFjNn1IMERPdjI3bGZmYGhBYWJxVndHb3AzSDZETFROdEBKQUJcZzZ2NTVTQmFCMmA8QScpJ2N3amhWYHdzYHcnP3F3cGApJ2lkfGpwcVF8dWAnPyd2bGtiaWBabHFgaCcpJ2BrZGdpYFVpZGZgbWppYWB3dic%2FcXdwYHgl\n)\n', '', 'NOT_START', '2023-01-20 13:38:30', NULL),
(5, 30, '', '升級為服務提供者／品牌', '300.00', 1674222156, 1676814156, 'Stripe\\Checkout\\Session Object\n(\n    [id] => cs_test_a1hoxecp1CM2spv5Qp7yS4GATMQGvZp6fPWbMViGYNHUmMgaM5teUGXVMQ\n    [object] => checkout.session\n    [after_expiration] => \n    [allow_promotion_codes] => \n    [amount_subtotal] => 30000\n    [amount_total] => 30000\n    [automatic_tax] => Stripe\\StripeObject Object\n        (\n            [enabled] => \n            [status] => \n        )\n\n    [billing_address_collection] => \n    [cancel_url] => https://uonlive.at-onlinesystem.com/member/upgrade_fail\n    [client_reference_id] => \n    [consent] => \n    [consent_collection] => \n    [created] => 1674222160\n    [currency] => hkd\n    [custom_text] => Stripe\\StripeObject Object\n        (\n            [shipping_address] => \n            [submit] => \n        )\n\n    [customer] => \n    [customer_creation] => always\n    [customer_details] => \n    [customer_email] => \n    [expires_at] => 1674308559\n    [invoice] => \n    [invoice_creation] => Stripe\\StripeObject Object\n        (\n            [enabled] => \n            [invoice_data] => Stripe\\StripeObject Object\n                (\n                    [account_tax_ids] => \n                    [custom_fields] => \n                    [description] => \n                    [footer] => \n                    [metadata] => Stripe\\StripeObject Object\n                        (\n                        )\n\n                    [rendering_options] => \n                )\n\n        )\n\n    [livemode] => \n    [locale] => \n    [metadata] => Stripe\\StripeObject Object\n        (\n        )\n\n    [mode] => payment\n    [payment_intent] => pi_3MSKrcKoxlGrMqZg0fWcCcH7\n    [payment_link] => \n    [payment_method_collection] => always\n    [payment_method_options] => Array\n        (\n        )\n\n    [payment_method_types] => Array\n        (\n            [0] => card\n        )\n\n    [payment_status] => unpaid\n    [phone_number_collection] => Stripe\\StripeObject Object\n        (\n            [enabled] => \n        )\n\n    [recovered_from] => \n    [setup_intent] => \n    [shipping] => \n    [shipping_address_collection] => \n    [shipping_options] => Array\n        (\n        )\n\n    [shipping_rate] => \n    [status] => open\n    [submit_type] => \n    [subscription] => \n    [success_url] => https://uonlive.at-onlinesystem.com/member/upgrade_success?session_id={CHECKOUT_SESSION_ID}\n    [total_details] => Stripe\\StripeObject Object\n        (\n            [amount_discount] => 0\n            [amount_shipping] => 0\n            [amount_tax] => 0\n        )\n\n    [url] => https://checkout.stripe.com/c/pay/cs_test_a1hoxecp1CM2spv5Qp7yS4GATMQGvZp6fPWbMViGYNHUmMgaM5teUGXVMQ#fidkdWxOYHwnPyd1blpxYHZxWjA0TGFxZlNOan1pQndIdF9iVH1SbnJMUW1uV3JSSmd3b0RGTDZRb311aTI8QmhUMFFjNn1IMERPdjI3bGZmYGhBYWJxVndHb3AzSDZETFROdEBKQUJcZzZ2NTVTQmFCMmA8QScpJ2N3amhWYHdzYHcnP3F3cGApJ2lkfGpwcVF8dWAnPyd2bGtiaWBabHFgaCcpJ2BrZGdpYFVpZGZgbWppYWB3dic%2FcXdwYHgl\n)\n', '', 'NOT_START', '2023-01-20 13:42:39', NULL),
(6, 25, '', '升級為服務提供者／品牌', '300.00', 1674228149, 1676820149, 'Stripe\\Checkout\\Session Object\n(\n    [id] => cs_test_a11S5yMzOvJi6imcBHnEQxNDCBUYzw0GsH94C9N67j5kHqe0BkpqdzkmoT\n    [object] => checkout.session\n    [after_expiration] => \n    [allow_promotion_codes] => \n    [amount_subtotal] => 30000\n    [amount_total] => 30000\n    [automatic_tax] => Stripe\\StripeObject Object\n        (\n            [enabled] => \n            [status] => \n        )\n\n    [billing_address_collection] => \n    [cancel_url] => https://uonlive.at-onlinesystem.com/member/upgrade_fail\n    [client_reference_id] => \n    [consent] => \n    [consent_collection] => \n    [created] => 1674228157\n    [currency] => hkd\n    [custom_text] => Stripe\\StripeObject Object\n        (\n            [shipping_address] => \n            [submit] => \n        )\n\n    [customer] => \n    [customer_creation] => always\n    [customer_details] => \n    [customer_email] => \n    [expires_at] => 1674314556\n    [invoice] => \n    [invoice_creation] => Stripe\\StripeObject Object\n        (\n            [enabled] => \n            [invoice_data] => Stripe\\StripeObject Object\n                (\n                    [account_tax_ids] => \n                    [custom_fields] => \n                    [description] => \n                    [footer] => \n                    [metadata] => Stripe\\StripeObject Object\n                        (\n                        )\n\n                    [rendering_options] => \n                )\n\n        )\n\n    [livemode] => \n    [locale] => \n    [metadata] => Stripe\\StripeObject Object\n        (\n        )\n\n    [mode] => payment\n    [payment_intent] => pi_3MSMQKKoxlGrMqZg0XNcbGuR\n    [payment_link] => \n    [payment_method_collection] => always\n    [payment_method_options] => Array\n        (\n        )\n\n    [payment_method_types] => Array\n        (\n            [0] => card\n        )\n\n    [payment_status] => unpaid\n    [phone_number_collection] => Stripe\\StripeObject Object\n        (\n            [enabled] => \n        )\n\n    [recovered_from] => \n    [setup_intent] => \n    [shipping] => \n    [shipping_address_collection] => \n    [shipping_options] => Array\n        (\n        )\n\n    [shipping_rate] => \n    [status] => open\n    [submit_type] => \n    [subscription] => \n    [success_url] => https://uonlive.at-onlinesystem.com/member/upgrade_success?session_id={CHECKOUT_SESSION_ID}\n    [total_details] => Stripe\\StripeObject Object\n        (\n            [amount_discount] => 0\n            [amount_shipping] => 0\n            [amount_tax] => 0\n        )\n\n    [url] => https://checkout.stripe.com/c/pay/cs_test_a11S5yMzOvJi6imcBHnEQxNDCBUYzw0GsH94C9N67j5kHqe0BkpqdzkmoT#fidkdWxOYHwnPyd1blpxYHZxWjA0TGFxZlNOan1pQndIdF9iVH1SbnJMUW1uV3JSSmd3b0RGTDZRb311aTI8QmhUMFFjNn1IMERPdjI3bGZmYGhBYWJxVndHb3AzSDZETFROdEBKQUJcZzZ2NTVTQmFCMmA8QScpJ2N3amhWYHdzYHcnP3F3cGApJ2lkfGpwcVF8dWAnPyd2bGtiaWBabHFgaCcpJ2BrZGdpYFVpZGZgbWppYWB3dic%2FcXdwYHgl\n)\n', '', 'NOT_START', '2023-01-20 15:22:36', NULL),
(7, 39, 'INV2023010002', '升級為服務提供者／品牌', '300.00', 1674924120, 1677516120, 'Stripe\\Checkout\\Session Object\n(\n    [id] => cs_test_a1aOg0tbrl66pqguJk804e4C7dqlh3EOKRIwzsrYo3nRnawPttOVrvaTrK\n    [object] => checkout.session\n    [after_expiration] => \n    [allow_promotion_codes] => \n    [amount_subtotal] => 30000\n    [amount_total] => 30000\n    [automatic_tax] => Stripe\\StripeObject Object\n        (\n            [enabled] => \n            [status] => \n        )\n\n    [billing_address_collection] => \n    [cancel_url] => https://uonlive.at-onlinesystem.com/member/upgrade_fail\n    [client_reference_id] => \n    [consent] => \n    [consent_collection] => \n    [created] => 1674924132\n    [currency] => hkd\n    [custom_text] => Stripe\\StripeObject Object\n        (\n            [shipping_address] => \n            [submit] => \n        )\n\n    [customer] => \n    [customer_creation] => always\n    [customer_details] => \n    [customer_email] => \n    [expires_at] => 1675010532\n    [invoice] => \n    [invoice_creation] => Stripe\\StripeObject Object\n        (\n            [enabled] => \n            [invoice_data] => Stripe\\StripeObject Object\n                (\n                    [account_tax_ids] => \n                    [custom_fields] => \n                    [description] => \n                    [footer] => \n                    [metadata] => Stripe\\StripeObject Object\n                        (\n                        )\n\n                    [rendering_options] => \n                )\n\n        )\n\n    [livemode] => \n    [locale] => \n    [metadata] => Stripe\\StripeObject Object\n        (\n        )\n\n    [mode] => payment\n    [payment_intent] => pi_3MVHTkKoxlGrMqZg0dZNjRq5\n    [payment_link] => \n    [payment_method_collection] => always\n    [payment_method_options] => Array\n        (\n        )\n\n    [payment_method_types] => Array\n        (\n            [0] => card\n        )\n\n    [payment_status] => unpaid\n    [phone_number_collection] => Stripe\\StripeObject Object\n        (\n            [enabled] => \n        )\n\n    [recovered_from] => \n    [setup_intent] => \n    [shipping] => \n    [shipping_address_collection] => \n    [shipping_options] => Array\n        (\n        )\n\n    [shipping_rate] => \n    [status] => open\n    [submit_type] => \n    [subscription] => \n    [success_url] => https://uonlive.at-onlinesystem.com/member/upgrade_success?session_id={CHECKOUT_SESSION_ID}\n    [total_details] => Stripe\\StripeObject Object\n        (\n            [amount_discount] => 0\n            [amount_shipping] => 0\n            [amount_tax] => 0\n        )\n\n    [url] => https://checkout.stripe.com/c/pay/cs_test_a1aOg0tbrl66pqguJk804e4C7dqlh3EOKRIwzsrYo3nRnawPttOVrvaTrK#fidkdWxOYHwnPyd1blpxYHZxWjA0TGFxZlNOan1pQndIdF9iVH1SbnJMUW1uV3JSSmd3b0RGTDZRb311aTI8QmhUMFFjNn1IMERPdjI3bGZmYGhBYWJxVndHb3AzSDZETFROdEBKQUJcZzZ2NTVTQmFCMmA8QScpJ2N3amhWYHdzYHcnP3F3cGApJ2lkfGpwcVF8dWAnPyd2bGtiaWBabHFgaCcpJ2BrZGdpYFVpZGZgbWppYWB3dic%2FcXdwYHgl\n)\n', 'cs_test_a1aOg0tbrl66pqguJk804e4C7dqlh3EOKRIwzsrYo3nRnawPttOVrvaTrK', 'COMPLETE', '2023-01-28 16:42:12', '2023-01-28 16:46:52'),
(8, 5, '', '升級為服務提供者／品牌', '300.00', 1675154515, 1677746515, 'Stripe\\Checkout\\Session Object\n(\n    [id] => cs_test_a14GN6xahi10idTaKrAQUq5oS2ijbgiVFmCxS5ice3cbgDmy1QCzMGs2fU\n    [object] => checkout.session\n    [after_expiration] => \n    [allow_promotion_codes] => \n    [amount_subtotal] => 30000\n    [amount_total] => 30000\n    [automatic_tax] => Stripe\\StripeObject Object\n        (\n            [enabled] => \n            [status] => \n        )\n\n    [billing_address_collection] => \n    [cancel_url] => https://uonlive.at-onlinesystem.com/member/upgrade_fail\n    [client_reference_id] => \n    [consent] => \n    [consent_collection] => \n    [created] => 1675154530\n    [currency] => hkd\n    [custom_text] => Stripe\\StripeObject Object\n        (\n            [shipping_address] => \n            [submit] => \n        )\n\n    [customer] => \n    [customer_creation] => always\n    [customer_details] => \n    [customer_email] => \n    [expires_at] => 1675240930\n    [invoice] => \n    [invoice_creation] => Stripe\\StripeObject Object\n        (\n            [enabled] => \n            [invoice_data] => Stripe\\StripeObject Object\n                (\n                    [account_tax_ids] => \n                    [custom_fields] => \n                    [description] => \n                    [footer] => \n                    [metadata] => Stripe\\StripeObject Object\n                        (\n                        )\n\n                    [rendering_options] => \n                )\n\n        )\n\n    [livemode] => \n    [locale] => \n    [metadata] => Stripe\\StripeObject Object\n        (\n        )\n\n    [mode] => payment\n    [payment_intent] => pi_3MWFPqKoxlGrMqZg1fEuoeOf\n    [payment_link] => \n    [payment_method_collection] => always\n    [payment_method_options] => Array\n        (\n        )\n\n    [payment_method_types] => Array\n        (\n            [0] => card\n        )\n\n    [payment_status] => unpaid\n    [phone_number_collection] => Stripe\\StripeObject Object\n        (\n            [enabled] => \n        )\n\n    [recovered_from] => \n    [setup_intent] => \n    [shipping] => \n    [shipping_address_collection] => \n    [shipping_options] => Array\n        (\n        )\n\n    [shipping_rate] => \n    [status] => open\n    [submit_type] => \n    [subscription] => \n    [success_url] => https://uonlive.at-onlinesystem.com/member/upgrade_success?session_id={CHECKOUT_SESSION_ID}\n    [total_details] => Stripe\\StripeObject Object\n        (\n            [amount_discount] => 0\n            [amount_shipping] => 0\n            [amount_tax] => 0\n        )\n\n    [url] => https://checkout.stripe.com/c/pay/cs_test_a14GN6xahi10idTaKrAQUq5oS2ijbgiVFmCxS5ice3cbgDmy1QCzMGs2fU#fidkdWxOYHwnPyd1blpxYHZxWjA0TGFxZlNOan1pQndIdF9iVH1SbnJMUW1uV3JSSmd3b0RGTDZRb311aTI8QmhUMFFjNn1IMERPdjI3bGZmYGhBYWJxVndHb3AzSDZETFROdEBKQUJcZzZ2NTVTQmFCMmA8QScpJ2N3amhWYHdzYHcnP3F3cGApJ2lkfGpwcVF8dWAnPyd2bGtiaWBabHFgaCcpJ2BrZGdpYFVpZGZgbWppYWB3dic%2FcXdwYHgl\n)\n', '', 'NOT_START', '2023-01-31 08:42:09', NULL),
(9, 5, '', '升級為服務提供者／品牌', '300.00', 1675155163, 1677747163, 'Stripe\\Checkout\\Session Object\n(\n    [id] => cs_test_a10xK0HsGFvbsMoqr4QbTRVPmEDxUKk4mmSpCQSunFACu262VZ345vHAvI\n    [object] => checkout.session\n    [after_expiration] => \n    [allow_promotion_codes] => \n    [amount_subtotal] => 30000\n    [amount_total] => 30000\n    [automatic_tax] => Stripe\\StripeObject Object\n        (\n            [enabled] => \n            [status] => \n        )\n\n    [billing_address_collection] => \n    [cancel_url] => https://uonlive.at-onlinesystem.com/member/upgrade_fail\n    [client_reference_id] => \n    [consent] => \n    [consent_collection] => \n    [created] => 1675155175\n    [currency] => hkd\n    [custom_text] => Stripe\\StripeObject Object\n        (\n            [shipping_address] => \n            [submit] => \n        )\n\n    [customer] => \n    [customer_creation] => always\n    [customer_details] => \n    [customer_email] => \n    [expires_at] => 1675241575\n    [invoice] => \n    [invoice_creation] => Stripe\\StripeObject Object\n        (\n            [enabled] => \n            [invoice_data] => Stripe\\StripeObject Object\n                (\n                    [account_tax_ids] => \n                    [custom_fields] => \n                    [description] => \n                    [footer] => \n                    [metadata] => Stripe\\StripeObject Object\n                        (\n                        )\n\n                    [rendering_options] => \n                )\n\n        )\n\n    [livemode] => \n    [locale] => \n    [metadata] => Stripe\\StripeObject Object\n        (\n        )\n\n    [mode] => payment\n    [payment_intent] => pi_3MWFaFKoxlGrMqZg0NaWy5Wj\n    [payment_link] => \n    [payment_method_collection] => always\n    [payment_method_options] => Array\n        (\n        )\n\n    [payment_method_types] => Array\n        (\n            [0] => card\n        )\n\n    [payment_status] => unpaid\n    [phone_number_collection] => Stripe\\StripeObject Object\n        (\n            [enabled] => \n        )\n\n    [recovered_from] => \n    [setup_intent] => \n    [shipping] => \n    [shipping_address_collection] => \n    [shipping_options] => Array\n        (\n        )\n\n    [shipping_rate] => \n    [status] => open\n    [submit_type] => \n    [subscription] => \n    [success_url] => https://uonlive.at-onlinesystem.com/member/upgrade_success?session_id={CHECKOUT_SESSION_ID}\n    [total_details] => Stripe\\StripeObject Object\n        (\n            [amount_discount] => 0\n            [amount_shipping] => 0\n            [amount_tax] => 0\n        )\n\n    [url] => https://checkout.stripe.com/c/pay/cs_test_a10xK0HsGFvbsMoqr4QbTRVPmEDxUKk4mmSpCQSunFACu262VZ345vHAvI#fidkdWxOYHwnPyd1blpxYHZxWjA0TGFxZlNOan1pQndIdF9iVH1SbnJMUW1uV3JSSmd3b0RGTDZRb311aTI8QmhUMFFjNn1IMERPdjI3bGZmYGhBYWJxVndHb3AzSDZETFROdEBKQUJcZzZ2NTVTQmFCMmA8QScpJ2N3amhWYHdzYHcnP3F3cGApJ2lkfGpwcVF8dWAnPyd2bGtiaWBabHFgaCcpJ2BrZGdpYFVpZGZgbWppYWB3dic%2FcXdwYHgl\n)\n', '', 'NOT_START', '2023-01-31 08:52:54', NULL),
(10, 40, '', '升級為服務提供者／品牌', '300.00', 1675220957, 1677812957, 'Stripe\\Checkout\\Session Object\n(\n    [id] => cs_test_a1WeLfO6j4hkfK3A8kSxxvLtmg23PvfnQDzjdAMgigNyJ5vt56aHKs2x9Q\n    [object] => checkout.session\n    [after_expiration] => \n    [allow_promotion_codes] => \n    [amount_subtotal] => 30000\n    [amount_total] => 30000\n    [automatic_tax] => Stripe\\StripeObject Object\n        (\n            [enabled] => \n            [status] => \n        )\n\n    [billing_address_collection] => \n    [cancel_url] => https://uonlive.at-onlinesystem.com/member/upgrade_fail\n    [client_reference_id] => \n    [consent] => \n    [consent_collection] => \n    [created] => 1675220964\n    [currency] => hkd\n    [custom_text] => Stripe\\StripeObject Object\n        (\n            [shipping_address] => \n            [submit] => \n        )\n\n    [customer] => \n    [customer_creation] => always\n    [customer_details] => \n    [customer_email] => \n    [expires_at] => 1675307363\n    [invoice] => \n    [invoice_creation] => Stripe\\StripeObject Object\n        (\n            [enabled] => \n            [invoice_data] => Stripe\\StripeObject Object\n                (\n                    [account_tax_ids] => \n                    [custom_fields] => \n                    [description] => \n                    [footer] => \n                    [metadata] => Stripe\\StripeObject Object\n                        (\n                        )\n\n                    [rendering_options] => \n                )\n\n        )\n\n    [livemode] => \n    [locale] => \n    [metadata] => Stripe\\StripeObject Object\n        (\n        )\n\n    [mode] => payment\n    [payment_intent] => pi_3MWWhMKoxlGrMqZg1Lb1lqJH\n    [payment_link] => \n    [payment_method_collection] => always\n    [payment_method_options] => Array\n        (\n        )\n\n    [payment_method_types] => Array\n        (\n            [0] => card\n        )\n\n    [payment_status] => unpaid\n    [phone_number_collection] => Stripe\\StripeObject Object\n        (\n            [enabled] => \n        )\n\n    [recovered_from] => \n    [setup_intent] => \n    [shipping] => \n    [shipping_address_collection] => \n    [shipping_options] => Array\n        (\n        )\n\n    [shipping_rate] => \n    [status] => open\n    [submit_type] => \n    [subscription] => \n    [success_url] => https://uonlive.at-onlinesystem.com/member/upgrade_success?session_id={CHECKOUT_SESSION_ID}\n    [total_details] => Stripe\\StripeObject Object\n        (\n            [amount_discount] => 0\n            [amount_shipping] => 0\n            [amount_tax] => 0\n        )\n\n    [url] => https://checkout.stripe.com/c/pay/cs_test_a1WeLfO6j4hkfK3A8kSxxvLtmg23PvfnQDzjdAMgigNyJ5vt56aHKs2x9Q#fidkdWxOYHwnPyd1blpxYHZxWjA0TGFxZlNOan1pQndIdF9iVH1SbnJMUW1uV3JSSmd3b0RGTDZRb311aTI8QmhUMFFjNn1IMERPdjI3bGZmYGhBYWJxVndHb3AzSDZETFROdEBKQUJcZzZ2NTVTQmFCMmA8QScpJ2N3amhWYHdzYHcnP3F3cGApJ2lkfGpwcVF8dWAnPyd2bGtiaWBabHFgaCcpJ2BrZGdpYFVpZGZgbWppYWB3dic%2FcXdwYHgl\n)\n', '', 'NOT_START', '2023-02-01 03:09:23', NULL),
(11, 40, '', '升級為服務提供者／品牌', '300.00', 1675220957, 1677812957, 'Stripe\\Checkout\\Session Object\n(\n    [id] => cs_test_a1eCJhyFmtF2gxJce349bQ4a7UYWXJoipxE9QyA5CkPQGf2mGJA3qm0GYA\n    [object] => checkout.session\n    [after_expiration] => \n    [allow_promotion_codes] => \n    [amount_subtotal] => 30000\n    [amount_total] => 30000\n    [automatic_tax] => Stripe\\StripeObject Object\n        (\n            [enabled] => \n            [status] => \n        )\n\n    [billing_address_collection] => \n    [cancel_url] => https://uonlive.at-onlinesystem.com/member/upgrade_fail\n    [client_reference_id] => \n    [consent] => \n    [consent_collection] => \n    [created] => 1675220966\n    [currency] => hkd\n    [custom_text] => Stripe\\StripeObject Object\n        (\n            [shipping_address] => \n            [submit] => \n        )\n\n    [customer] => \n    [customer_creation] => always\n    [customer_details] => \n    [customer_email] => \n    [expires_at] => 1675307365\n    [invoice] => \n    [invoice_creation] => Stripe\\StripeObject Object\n        (\n            [enabled] => \n            [invoice_data] => Stripe\\StripeObject Object\n                (\n                    [account_tax_ids] => \n                    [custom_fields] => \n                    [description] => \n                    [footer] => \n                    [metadata] => Stripe\\StripeObject Object\n                        (\n                        )\n\n                    [rendering_options] => \n                )\n\n        )\n\n    [livemode] => \n    [locale] => \n    [metadata] => Stripe\\StripeObject Object\n        (\n        )\n\n    [mode] => payment\n    [payment_intent] => pi_3MWWhOKoxlGrMqZg0rqJEkrC\n    [payment_link] => \n    [payment_method_collection] => always\n    [payment_method_options] => Array\n        (\n        )\n\n    [payment_method_types] => Array\n        (\n            [0] => card\n        )\n\n    [payment_status] => unpaid\n    [phone_number_collection] => Stripe\\StripeObject Object\n        (\n            [enabled] => \n        )\n\n    [recovered_from] => \n    [setup_intent] => \n    [shipping] => \n    [shipping_address_collection] => \n    [shipping_options] => Array\n        (\n        )\n\n    [shipping_rate] => \n    [status] => open\n    [submit_type] => \n    [subscription] => \n    [success_url] => https://uonlive.at-onlinesystem.com/member/upgrade_success?session_id={CHECKOUT_SESSION_ID}\n    [total_details] => Stripe\\StripeObject Object\n        (\n            [amount_discount] => 0\n            [amount_shipping] => 0\n            [amount_tax] => 0\n        )\n\n    [url] => https://checkout.stripe.com/c/pay/cs_test_a1eCJhyFmtF2gxJce349bQ4a7UYWXJoipxE9QyA5CkPQGf2mGJA3qm0GYA#fidkdWxOYHwnPyd1blpxYHZxWjA0TGFxZlNOan1pQndIdF9iVH1SbnJMUW1uV3JSSmd3b0RGTDZRb311aTI8QmhUMFFjNn1IMERPdjI3bGZmYGhBYWJxVndHb3AzSDZETFROdEBKQUJcZzZ2NTVTQmFCMmA8QScpJ2N3amhWYHdzYHcnP3F3cGApJ2lkfGpwcVF8dWAnPyd2bGtiaWBabHFgaCcpJ2BrZGdpYFVpZGZgbWppYWB3dic%2FcXdwYHgl\n)\n', '', 'NOT_START', '2023-02-01 03:09:25', NULL),
(12, 40, '', '升級為服務提供者／品牌', '300.00', 1675220957, 1677812957, 'Stripe\\Checkout\\Session Object\n(\n    [id] => cs_test_a1Zxq7881k3XFDAcngvBlkqyinqgUSPcQVfUVwkLF0e6NBWGQwDuIBltfo\n    [object] => checkout.session\n    [after_expiration] => \n    [allow_promotion_codes] => \n    [amount_subtotal] => 30000\n    [amount_total] => 30000\n    [automatic_tax] => Stripe\\StripeObject Object\n        (\n            [enabled] => \n            [status] => \n        )\n\n    [billing_address_collection] => \n    [cancel_url] => https://uonlive.at-onlinesystem.com/member/upgrade_fail\n    [client_reference_id] => \n    [consent] => \n    [consent_collection] => \n    [created] => 1675220968\n    [currency] => hkd\n    [custom_text] => Stripe\\StripeObject Object\n        (\n            [shipping_address] => \n            [submit] => \n        )\n\n    [customer] => \n    [customer_creation] => always\n    [customer_details] => \n    [customer_email] => \n    [expires_at] => 1675307367\n    [invoice] => \n    [invoice_creation] => Stripe\\StripeObject Object\n        (\n            [enabled] => \n            [invoice_data] => Stripe\\StripeObject Object\n                (\n                    [account_tax_ids] => \n                    [custom_fields] => \n                    [description] => \n                    [footer] => \n                    [metadata] => Stripe\\StripeObject Object\n                        (\n                        )\n\n                    [rendering_options] => \n                )\n\n        )\n\n    [livemode] => \n    [locale] => \n    [metadata] => Stripe\\StripeObject Object\n        (\n        )\n\n    [mode] => payment\n    [payment_intent] => pi_3MWWhQKoxlGrMqZg04zCWz2t\n    [payment_link] => \n    [payment_method_collection] => always\n    [payment_method_options] => Array\n        (\n        )\n\n    [payment_method_types] => Array\n        (\n            [0] => card\n        )\n\n    [payment_status] => unpaid\n    [phone_number_collection] => Stripe\\StripeObject Object\n        (\n            [enabled] => \n        )\n\n    [recovered_from] => \n    [setup_intent] => \n    [shipping] => \n    [shipping_address_collection] => \n    [shipping_options] => Array\n        (\n        )\n\n    [shipping_rate] => \n    [status] => open\n    [submit_type] => \n    [subscription] => \n    [success_url] => https://uonlive.at-onlinesystem.com/member/upgrade_success?session_id={CHECKOUT_SESSION_ID}\n    [total_details] => Stripe\\StripeObject Object\n        (\n            [amount_discount] => 0\n            [amount_shipping] => 0\n            [amount_tax] => 0\n        )\n\n    [url] => https://checkout.stripe.com/c/pay/cs_test_a1Zxq7881k3XFDAcngvBlkqyinqgUSPcQVfUVwkLF0e6NBWGQwDuIBltfo#fidkdWxOYHwnPyd1blpxYHZxWjA0TGFxZlNOan1pQndIdF9iVH1SbnJMUW1uV3JSSmd3b0RGTDZRb311aTI8QmhUMFFjNn1IMERPdjI3bGZmYGhBYWJxVndHb3AzSDZETFROdEBKQUJcZzZ2NTVTQmFCMmA8QScpJ2N3amhWYHdzYHcnP3F3cGApJ2lkfGpwcVF8dWAnPyd2bGtiaWBabHFgaCcpJ2BrZGdpYFVpZGZgbWppYWB3dic%2FcXdwYHgl\n)\n', '', 'NOT_START', '2023-02-01 03:09:27', NULL),
(13, 40, '', '升級為服務提供者／品牌', '300.00', 1675221724, 1677813724, 'Stripe\\Checkout\\Session Object\n(\n    [id] => cs_test_a1Zi6b1o97832nyaWtdgKjGcsFvkeKCb6VP4nLlhbSMdZaxcgO8rSSezOX\n    [object] => checkout.session\n    [after_expiration] => \n    [allow_promotion_codes] => \n    [amount_subtotal] => 30000\n    [amount_total] => 30000\n    [automatic_tax] => Stripe\\StripeObject Object\n        (\n            [enabled] => \n            [status] => \n        )\n\n    [billing_address_collection] => \n    [cancel_url] => https://uonlive.at-onlinesystem.com/member/upgrade_fail\n    [client_reference_id] => \n    [consent] => \n    [consent_collection] => \n    [created] => 1675221729\n    [currency] => hkd\n    [custom_text] => Stripe\\StripeObject Object\n        (\n            [shipping_address] => \n            [submit] => \n        )\n\n    [customer] => \n    [customer_creation] => always\n    [customer_details] => \n    [customer_email] => \n    [expires_at] => 1675308128\n    [invoice] => \n    [invoice_creation] => Stripe\\StripeObject Object\n        (\n            [enabled] => \n            [invoice_data] => Stripe\\StripeObject Object\n                (\n                    [account_tax_ids] => \n                    [custom_fields] => \n                    [description] => \n                    [footer] => \n                    [metadata] => Stripe\\StripeObject Object\n                        (\n                        )\n\n                    [rendering_options] => \n                )\n\n        )\n\n    [livemode] => \n    [locale] => \n    [metadata] => Stripe\\StripeObject Object\n        (\n        )\n\n    [mode] => payment\n    [payment_intent] => pi_3MWWthKoxlGrMqZg0eITEO3M\n    [payment_link] => \n    [payment_method_collection] => always\n    [payment_method_options] => Array\n        (\n        )\n\n    [payment_method_types] => Array\n        (\n            [0] => card\n        )\n\n    [payment_status] => unpaid\n    [phone_number_collection] => Stripe\\StripeObject Object\n        (\n            [enabled] => \n        )\n\n    [recovered_from] => \n    [setup_intent] => \n    [shipping] => \n    [shipping_address_collection] => \n    [shipping_options] => Array\n        (\n        )\n\n    [shipping_rate] => \n    [status] => open\n    [submit_type] => \n    [subscription] => \n    [success_url] => https://uonlive.at-onlinesystem.com/member/upgrade_success?session_id={CHECKOUT_SESSION_ID}\n    [total_details] => Stripe\\StripeObject Object\n        (\n            [amount_discount] => 0\n            [amount_shipping] => 0\n            [amount_tax] => 0\n        )\n\n    [url] => https://checkout.stripe.com/c/pay/cs_test_a1Zi6b1o97832nyaWtdgKjGcsFvkeKCb6VP4nLlhbSMdZaxcgO8rSSezOX#fidkdWxOYHwnPyd1blpxYHZxWjA0TGFxZlNOan1pQndIdF9iVH1SbnJMUW1uV3JSSmd3b0RGTDZRb311aTI8QmhUMFFjNn1IMERPdjI3bGZmYGhBYWJxVndHb3AzSDZETFROdEBKQUJcZzZ2NTVTQmFCMmA8QScpJ2N3amhWYHdzYHcnP3F3cGApJ2lkfGpwcVF8dWAnPyd2bGtiaWBabHFgaCcpJ2BrZGdpYFVpZGZgbWppYWB3dic%2FcXdwYHgl\n)\n', '', 'NOT_START', '2023-02-01 03:22:08', NULL),
(14, 40, 'INV2023020001', '升級為服務提供者／品牌', '300.00', 1675240876, 1677832876, 'Stripe\\Checkout\\Session Object\n(\n    [id] => cs_test_a1iwDsWTnEJEkGFfMMmB9ggpYWQjI1dd1kuLrPM7E4wmtPwX1obX7qt0yM\n    [object] => checkout.session\n    [after_expiration] => \n    [allow_promotion_codes] => \n    [amount_subtotal] => 30000\n    [amount_total] => 30000\n    [automatic_tax] => Stripe\\StripeObject Object\n        (\n            [enabled] => \n            [status] => \n        )\n\n    [billing_address_collection] => \n    [cancel_url] => https://uonlive.at-onlinesystem.com/member/upgrade_fail\n    [client_reference_id] => \n    [consent] => \n    [consent_collection] => \n    [created] => 1675240879\n    [currency] => hkd\n    [custom_text] => Stripe\\StripeObject Object\n        (\n            [shipping_address] => \n            [submit] => \n        )\n\n    [customer] => \n    [customer_creation] => always\n    [customer_details] => \n    [customer_email] => \n    [expires_at] => 1675327279\n    [invoice] => \n    [invoice_creation] => Stripe\\StripeObject Object\n        (\n            [enabled] => \n            [invoice_data] => Stripe\\StripeObject Object\n                (\n                    [account_tax_ids] => \n                    [custom_fields] => \n                    [description] => \n                    [footer] => \n                    [metadata] => Stripe\\StripeObject Object\n                        (\n                        )\n\n                    [rendering_options] => \n                )\n\n        )\n\n    [livemode] => \n    [locale] => \n    [metadata] => Stripe\\StripeObject Object\n        (\n        )\n\n    [mode] => payment\n    [payment_intent] => pi_3MWbsZKoxlGrMqZg1cWuQkq4\n    [payment_link] => \n    [payment_method_collection] => always\n    [payment_method_options] => Array\n        (\n        )\n\n    [payment_method_types] => Array\n        (\n            [0] => card\n        )\n\n    [payment_status] => unpaid\n    [phone_number_collection] => Stripe\\StripeObject Object\n        (\n            [enabled] => \n        )\n\n    [recovered_from] => \n    [setup_intent] => \n    [shipping] => \n    [shipping_address_collection] => \n    [shipping_options] => Array\n        (\n        )\n\n    [shipping_rate] => \n    [status] => open\n    [submit_type] => \n    [subscription] => \n    [success_url] => https://uonlive.at-onlinesystem.com/member/upgrade_success?session_id={CHECKOUT_SESSION_ID}\n    [total_details] => Stripe\\StripeObject Object\n        (\n            [amount_discount] => 0\n            [amount_shipping] => 0\n            [amount_tax] => 0\n        )\n\n    [url] => https://checkout.stripe.com/c/pay/cs_test_a1iwDsWTnEJEkGFfMMmB9ggpYWQjI1dd1kuLrPM7E4wmtPwX1obX7qt0yM#fidkdWxOYHwnPyd1blpxYHZxWjA0TGFxZlNOan1pQndIdF9iVH1SbnJMUW1uV3JSSmd3b0RGTDZRb311aTI8QmhUMFFjNn1IMERPdjI3bGZmYGhBYWJxVndHb3AzSDZETFROdEBKQUJcZzZ2NTVTQmFCMmA8QScpJ2N3amhWYHdzYHcnP3F3cGApJ2lkfGpwcVF8dWAnPyd2bGtiaWBabHFgaCcpJ2BrZGdpYFVpZGZgbWppYWB3dic%2FcXdwYHgl\n)\n', 'cs_test_a1iwDsWTnEJEkGFfMMmB9ggpYWQjI1dd1kuLrPM7E4wmtPwX1obX7qt0yM', 'COMPLETE', '2023-02-01 08:41:18', '2023-02-01 08:42:35'),
(15, 42, 'INV2023020002', '升級為服務提供者／品牌', '300.00', 1675242745, 1677834745, 'Stripe\\Checkout\\Session Object\n(\n    [id] => cs_test_a16CEFuNx5VzsPV3dOWdDEUij2NAnexyYEAm4cFXCZMdo2NNB1rfH33d3p\n    [object] => checkout.session\n    [after_expiration] => \n    [allow_promotion_codes] => \n    [amount_subtotal] => 30000\n    [amount_total] => 30000\n    [automatic_tax] => Stripe\\StripeObject Object\n        (\n            [enabled] => \n            [status] => \n        )\n\n    [billing_address_collection] => \n    [cancel_url] => https://uonlive.at-onlinesystem.com/member/upgrade_fail\n    [client_reference_id] => \n    [consent] => \n    [consent_collection] => \n    [created] => 1675242751\n    [currency] => hkd\n    [custom_text] => Stripe\\StripeObject Object\n        (\n            [shipping_address] => \n            [submit] => \n        )\n\n    [customer] => \n    [customer_creation] => always\n    [customer_details] => \n    [customer_email] => \n    [expires_at] => 1675329151\n    [invoice] => \n    [invoice_creation] => Stripe\\StripeObject Object\n        (\n            [enabled] => \n            [invoice_data] => Stripe\\StripeObject Object\n                (\n                    [account_tax_ids] => \n                    [custom_fields] => \n                    [description] => \n                    [footer] => \n                    [metadata] => Stripe\\StripeObject Object\n                        (\n                        )\n\n                    [rendering_options] => \n                )\n\n        )\n\n    [livemode] => \n    [locale] => \n    [metadata] => Stripe\\StripeObject Object\n        (\n        )\n\n    [mode] => payment\n    [payment_intent] => pi_3MWcMlKoxlGrMqZg0bRQibul\n    [payment_link] => \n    [payment_method_collection] => always\n    [payment_method_options] => Array\n        (\n        )\n\n    [payment_method_types] => Array\n        (\n            [0] => card\n        )\n\n    [payment_status] => unpaid\n    [phone_number_collection] => Stripe\\StripeObject Object\n        (\n            [enabled] => \n        )\n\n    [recovered_from] => \n    [setup_intent] => \n    [shipping] => \n    [shipping_address_collection] => \n    [shipping_options] => Array\n        (\n        )\n\n    [shipping_rate] => \n    [status] => open\n    [submit_type] => \n    [subscription] => \n    [success_url] => https://uonlive.at-onlinesystem.com/member/upgrade_success?session_id={CHECKOUT_SESSION_ID}\n    [total_details] => Stripe\\StripeObject Object\n        (\n            [amount_discount] => 0\n            [amount_shipping] => 0\n            [amount_tax] => 0\n        )\n\n    [url] => https://checkout.stripe.com/c/pay/cs_test_a16CEFuNx5VzsPV3dOWdDEUij2NAnexyYEAm4cFXCZMdo2NNB1rfH33d3p#fidkdWxOYHwnPyd1blpxYHZxWjA0TGFxZlNOan1pQndIdF9iVH1SbnJMUW1uV3JSSmd3b0RGTDZRb311aTI8QmhUMFFjNn1IMERPdjI3bGZmYGhBYWJxVndHb3AzSDZETFROdEBKQUJcZzZ2NTVTQmFCMmA8QScpJ2N3amhWYHdzYHcnP3F3cGApJ2lkfGpwcVF8dWAnPyd2bGtiaWBabHFgaCcpJ2BrZGdpYFVpZGZgbWppYWB3dic%2FcXdwYHgl\n)\n', 'cs_test_a16CEFuNx5VzsPV3dOWdDEUij2NAnexyYEAm4cFXCZMdo2NNB1rfH33d3p', 'COMPLETE', '2023-02-01 09:12:30', '2023-02-01 09:13:37'),
(16, 29, 'INV2023020003', '升級為服務提供者／品牌', '300.00', 1675250776, 1677842776, 'Stripe\\Checkout\\Session Object\n(\n    [id] => cs_test_a1rr0CFM1Dmetjh9MpRQbDFlfSRjZbE4ChpmVOpssKvfRSK5kCxbd3H0kh\n    [object] => checkout.session\n    [after_expiration] => \n    [allow_promotion_codes] => \n    [amount_subtotal] => 30000\n    [amount_total] => 30000\n    [automatic_tax] => Stripe\\StripeObject Object\n        (\n            [enabled] => \n            [status] => \n        )\n\n    [billing_address_collection] => \n    [cancel_url] => https://uonlive.at-onlinesystem.com/member/upgrade_fail\n    [client_reference_id] => \n    [consent] => \n    [consent_collection] => \n    [created] => 1675250784\n    [currency] => hkd\n    [custom_text] => Stripe\\StripeObject Object\n        (\n            [shipping_address] => \n            [submit] => \n        )\n\n    [customer] => \n    [customer_creation] => always\n    [customer_details] => \n    [customer_email] => \n    [expires_at] => 1675337184\n    [invoice] => \n    [invoice_creation] => Stripe\\StripeObject Object\n        (\n            [enabled] => \n            [invoice_data] => Stripe\\StripeObject Object\n                (\n                    [account_tax_ids] => \n                    [custom_fields] => \n                    [description] => \n                    [footer] => \n                    [metadata] => Stripe\\StripeObject Object\n                        (\n                        )\n\n                    [rendering_options] => \n                )\n\n        )\n\n    [livemode] => \n    [locale] => \n    [metadata] => Stripe\\StripeObject Object\n        (\n        )\n\n    [mode] => payment\n    [payment_intent] => pi_3MWeSKKoxlGrMqZg0lJPEMuS\n    [payment_link] => \n    [payment_method_collection] => always\n    [payment_method_options] => Array\n        (\n        )\n\n    [payment_method_types] => Array\n        (\n            [0] => card\n        )\n\n    [payment_status] => unpaid\n    [phone_number_collection] => Stripe\\StripeObject Object\n        (\n            [enabled] => \n        )\n\n    [recovered_from] => \n    [setup_intent] => \n    [shipping] => \n    [shipping_address_collection] => \n    [shipping_options] => Array\n        (\n        )\n\n    [shipping_rate] => \n    [status] => open\n    [submit_type] => \n    [subscription] => \n    [success_url] => https://uonlive.at-onlinesystem.com/member/upgrade_success?session_id={CHECKOUT_SESSION_ID}\n    [total_details] => Stripe\\StripeObject Object\n        (\n            [amount_discount] => 0\n            [amount_shipping] => 0\n            [amount_tax] => 0\n        )\n\n    [url] => https://checkout.stripe.com/c/pay/cs_test_a1rr0CFM1Dmetjh9MpRQbDFlfSRjZbE4ChpmVOpssKvfRSK5kCxbd3H0kh#fidkdWxOYHwnPyd1blpxYHZxWjA0TGFxZlNOan1pQndIdF9iVH1SbnJMUW1uV3JSSmd3b0RGTDZRb311aTI8QmhUMFFjNn1IMERPdjI3bGZmYGhBYWJxVndHb3AzSDZETFROdEBKQUJcZzZ2NTVTQmFCMmA8QScpJ2N3amhWYHdzYHcnP3F3cGApJ2lkfGpwcVF8dWAnPyd2bGtiaWBabHFgaCcpJ2BrZGdpYFVpZGZgbWppYWB3dic%2FcXdwYHgl\n)\n', 'cs_test_a1rr0CFM1Dmetjh9MpRQbDFlfSRjZbE4ChpmVOpssKvfRSK5kCxbd3H0kh', 'COMPLETE', '2023-02-01 11:26:23', '2023-02-01 11:28:00');
INSERT INTO `uonlive_purchasing_info` (`id`, `member_id`, `order_no`, `item`, `amount`, `effective_date`, `expiry_date`, `checkout_session`, `checkout_session_id`, `payment_status`, `created_at`, `updated_at`) VALUES
(17, 36, 'INV2023020004', '升級為服務提供者／品牌', '300.00', 1675349671, 1677941671, 'Stripe\\Checkout\\Session Object\n(\n    [id] => cs_test_a1PVONrA0kYK7GxHfZWDo8oqzse3fD0ozBPU3rEQ2G769AkwQ3T2YqyjB9\n    [object] => checkout.session\n    [after_expiration] => \n    [allow_promotion_codes] => \n    [amount_subtotal] => 30000\n    [amount_total] => 30000\n    [automatic_tax] => Stripe\\StripeObject Object\n        (\n            [enabled] => \n            [status] => \n        )\n\n    [billing_address_collection] => \n    [cancel_url] => https://uonlive.at-onlinesystem.com/member/upgrade_fail\n    [client_reference_id] => \n    [consent] => \n    [consent_collection] => \n    [created] => 1675349678\n    [currency] => hkd\n    [custom_text] => Stripe\\StripeObject Object\n        (\n            [shipping_address] => \n            [submit] => \n        )\n\n    [customer] => \n    [customer_creation] => always\n    [customer_details] => \n    [customer_email] => \n    [expires_at] => 1675436078\n    [invoice] => \n    [invoice_creation] => Stripe\\StripeObject Object\n        (\n            [enabled] => \n            [invoice_data] => Stripe\\StripeObject Object\n                (\n                    [account_tax_ids] => \n                    [custom_fields] => \n                    [description] => \n                    [footer] => \n                    [metadata] => Stripe\\StripeObject Object\n                        (\n                        )\n\n                    [rendering_options] => \n                )\n\n        )\n\n    [livemode] => \n    [locale] => \n    [metadata] => Stripe\\StripeObject Object\n        (\n        )\n\n    [mode] => payment\n    [payment_intent] => pi_3MX4BOKoxlGrMqZg15SeoGtH\n    [payment_link] => \n    [payment_method_collection] => always\n    [payment_method_options] => Array\n        (\n        )\n\n    [payment_method_types] => Array\n        (\n            [0] => card\n        )\n\n    [payment_status] => unpaid\n    [phone_number_collection] => Stripe\\StripeObject Object\n        (\n            [enabled] => \n        )\n\n    [recovered_from] => \n    [setup_intent] => \n    [shipping] => \n    [shipping_address_collection] => \n    [shipping_options] => Array\n        (\n        )\n\n    [shipping_rate] => \n    [status] => open\n    [submit_type] => \n    [subscription] => \n    [success_url] => https://uonlive.at-onlinesystem.com/member/upgrade_success?session_id={CHECKOUT_SESSION_ID}\n    [total_details] => Stripe\\StripeObject Object\n        (\n            [amount_discount] => 0\n            [amount_shipping] => 0\n            [amount_tax] => 0\n        )\n\n    [url] => https://checkout.stripe.com/c/pay/cs_test_a1PVONrA0kYK7GxHfZWDo8oqzse3fD0ozBPU3rEQ2G769AkwQ3T2YqyjB9#fidkdWxOYHwnPyd1blpxYHZxWjA0TGFxZlNOan1pQndIdF9iVH1SbnJMUW1uV3JSSmd3b0RGTDZRb311aTI8QmhUMFFjNn1IMERPdjI3bGZmYGhBYWJxVndHb3AzSDZETFROdEBKQUJcZzZ2NTVTQmFCMmA8QScpJ2N3amhWYHdzYHcnP3F3cGApJ2lkfGpwcVF8dWAnPyd2bGtiaWBabHFgaCcpJ2BrZGdpYFVpZGZgbWppYWB3dic%2FcXdwYHgl\n)\n', 'cs_test_a1PVONrA0kYK7GxHfZWDo8oqzse3fD0ozBPU3rEQ2G769AkwQ3T2YqyjB9', 'COMPLETE', '2023-02-02 14:54:38', '2023-02-02 14:56:30'),
(18, 28, 'INV2023020005', '升級為服務提供者／品牌', '300.00', 1675400369, 1677992369, 'Stripe\\Checkout\\Session Object\n(\n    [id] => cs_test_a1o3DVtS1nVlTGyvtHygUYX6ZUFNJH2VFWSFCCqzuzb57PrMnUDMVgpu31\n    [object] => checkout.session\n    [after_expiration] => \n    [allow_promotion_codes] => \n    [amount_subtotal] => 30000\n    [amount_total] => 30000\n    [automatic_tax] => Stripe\\StripeObject Object\n        (\n            [enabled] => \n            [status] => \n        )\n\n    [billing_address_collection] => \n    [cancel_url] => https://uonlive.at-onlinesystem.com/member/upgrade_fail\n    [client_reference_id] => \n    [consent] => \n    [consent_collection] => \n    [created] => 1675400381\n    [currency] => hkd\n    [custom_text] => Stripe\\StripeObject Object\n        (\n            [shipping_address] => \n            [submit] => \n        )\n\n    [customer] => \n    [customer_creation] => always\n    [customer_details] => \n    [customer_email] => \n    [expires_at] => 1675486781\n    [invoice] => \n    [invoice_creation] => Stripe\\StripeObject Object\n        (\n            [enabled] => \n            [invoice_data] => Stripe\\StripeObject Object\n                (\n                    [account_tax_ids] => \n                    [custom_fields] => \n                    [description] => \n                    [footer] => \n                    [metadata] => Stripe\\StripeObject Object\n                        (\n                        )\n\n                    [rendering_options] => \n                )\n\n        )\n\n    [livemode] => \n    [locale] => \n    [metadata] => Stripe\\StripeObject Object\n        (\n        )\n\n    [mode] => payment\n    [payment_intent] => pi_3MXHNBKoxlGrMqZg0RtkeMDU\n    [payment_link] => \n    [payment_method_collection] => always\n    [payment_method_options] => Array\n        (\n        )\n\n    [payment_method_types] => Array\n        (\n            [0] => card\n        )\n\n    [payment_status] => unpaid\n    [phone_number_collection] => Stripe\\StripeObject Object\n        (\n            [enabled] => \n        )\n\n    [recovered_from] => \n    [setup_intent] => \n    [shipping] => \n    [shipping_address_collection] => \n    [shipping_options] => Array\n        (\n        )\n\n    [shipping_rate] => \n    [status] => open\n    [submit_type] => \n    [subscription] => \n    [success_url] => https://uonlive.at-onlinesystem.com/member/upgrade_success?session_id={CHECKOUT_SESSION_ID}\n    [total_details] => Stripe\\StripeObject Object\n        (\n            [amount_discount] => 0\n            [amount_shipping] => 0\n            [amount_tax] => 0\n        )\n\n    [url] => https://checkout.stripe.com/c/pay/cs_test_a1o3DVtS1nVlTGyvtHygUYX6ZUFNJH2VFWSFCCqzuzb57PrMnUDMVgpu31#fidkdWxOYHwnPyd1blpxYHZxWjA0TGFxZlNOan1pQndIdF9iVH1SbnJMUW1uV3JSSmd3b0RGTDZRb311aTI8QmhUMFFjNn1IMERPdjI3bGZmYGhBYWJxVndHb3AzSDZETFROdEBKQUJcZzZ2NTVTQmFCMmA8QScpJ2N3amhWYHdzYHcnP3F3cGApJ2lkfGpwcVF8dWAnPyd2bGtiaWBabHFgaCcpJ2BrZGdpYFVpZGZgbWppYWB3dic%2FcXdwYHgl\n)\n', 'cs_test_a1o3DVtS1nVlTGyvtHygUYX6ZUFNJH2VFWSFCCqzuzb57PrMnUDMVgpu31', 'COMPLETE', '2023-02-03 04:59:41', '2023-02-03 05:00:46'),
(19, 25, 'INV2023020006', '升級為服務提供者／品牌', '300.00', 1675609433, 1678201433, 'Stripe\\Checkout\\Session Object\n(\n    [id] => cs_test_a1sYDUJ38K3YOrI9ExlWdOZQg7HeeyOto5nL0xeu7D8i2eE2rDWg0vnv3d\n    [object] => checkout.session\n    [after_expiration] => \n    [allow_promotion_codes] => \n    [amount_subtotal] => 30000\n    [amount_total] => 30000\n    [automatic_tax] => Stripe\\StripeObject Object\n        (\n            [enabled] => \n            [status] => \n        )\n\n    [billing_address_collection] => \n    [cancel_url] => https://uonlive.at-onlinesystem.com/member/upgrade_fail\n    [client_reference_id] => \n    [consent] => \n    [consent_collection] => \n    [created] => 1675609439\n    [currency] => hkd\n    [custom_text] => Stripe\\StripeObject Object\n        (\n            [shipping_address] => \n            [submit] => \n        )\n\n    [customer] => \n    [customer_creation] => always\n    [customer_details] => \n    [customer_email] => \n    [expires_at] => 1675695838\n    [invoice] => \n    [invoice_creation] => Stripe\\StripeObject Object\n        (\n            [enabled] => \n            [invoice_data] => Stripe\\StripeObject Object\n                (\n                    [account_tax_ids] => \n                    [custom_fields] => \n                    [description] => \n                    [footer] => \n                    [metadata] => Stripe\\StripeObject Object\n                        (\n                        )\n\n                    [rendering_options] => \n                )\n\n        )\n\n    [livemode] => \n    [locale] => \n    [metadata] => Stripe\\StripeObject Object\n        (\n        )\n\n    [mode] => payment\n    [payment_intent] => pi_3MY9l5KoxlGrMqZg0OLJVR5N\n    [payment_link] => \n    [payment_method_collection] => always\n    [payment_method_options] => Array\n        (\n        )\n\n    [payment_method_types] => Array\n        (\n            [0] => card\n        )\n\n    [payment_status] => unpaid\n    [phone_number_collection] => Stripe\\StripeObject Object\n        (\n            [enabled] => \n        )\n\n    [recovered_from] => \n    [setup_intent] => \n    [shipping] => \n    [shipping_address_collection] => \n    [shipping_options] => Array\n        (\n        )\n\n    [shipping_rate] => \n    [status] => open\n    [submit_type] => \n    [subscription] => \n    [success_url] => https://uonlive.at-onlinesystem.com/member/upgrade_success?session_id={CHECKOUT_SESSION_ID}\n    [total_details] => Stripe\\StripeObject Object\n        (\n            [amount_discount] => 0\n            [amount_shipping] => 0\n            [amount_tax] => 0\n        )\n\n    [url] => https://checkout.stripe.com/c/pay/cs_test_a1sYDUJ38K3YOrI9ExlWdOZQg7HeeyOto5nL0xeu7D8i2eE2rDWg0vnv3d#fidkdWxOYHwnPyd1blpxYHZxWjA0TGFxZlNOan1pQndIdF9iVH1SbnJMUW1uV3JSSmd3b0RGTDZRb311aTI8QmhUMFFjNn1IMERPdjI3bGZmYGhBYWJxVndHb3AzSDZETFROdEBKQUJcZzZ2NTVTQmFCMmA8QScpJ2N3amhWYHdzYHcnP3F3cGApJ2lkfGpwcVF8dWAnPyd2bGtiaWBabHFgaCcpJ2BrZGdpYFVpZGZgbWppYWB3dic%2FcXdwYHgl\n)\n', 'cs_test_a1sYDUJ38K3YOrI9ExlWdOZQg7HeeyOto5nL0xeu7D8i2eE2rDWg0vnv3d', 'COMPLETE', '2023-02-05 15:03:59', '2023-02-05 15:05:01'),
(20, 1, 'INV2023020007', '升級為服務提供者／品牌', '300.00', 1678287833, 1680879833, 'Stripe\\Checkout\\Session Object\n(\n    [id] => cs_test_a1v7Z6Fo9P0Bm4M1GqG52l5SkndnXiT0KwJ3YbRrBTEpkB3t8LhcTC2VTU\n    [object] => checkout.session\n    [after_expiration] => \n    [allow_promotion_codes] => \n    [amount_subtotal] => 30000\n    [amount_total] => 30000\n    [automatic_tax] => Stripe\\StripeObject Object\n        (\n            [enabled] => \n            [status] => \n        )\n\n    [billing_address_collection] => \n    [cancel_url] => https://uonlive.at-onlinesystem.com/member/upgrade_fail\n    [client_reference_id] => \n    [consent] => \n    [consent_collection] => \n    [created] => 1675914391\n    [currency] => hkd\n    [custom_text] => Stripe\\StripeObject Object\n        (\n            [shipping_address] => \n            [submit] => \n        )\n\n    [customer] => \n    [customer_creation] => always\n    [customer_details] => \n    [customer_email] => \n    [expires_at] => 1676000790\n    [invoice] => \n    [invoice_creation] => Stripe\\StripeObject Object\n        (\n            [enabled] => \n            [invoice_data] => Stripe\\StripeObject Object\n                (\n                    [account_tax_ids] => \n                    [custom_fields] => \n                    [description] => \n                    [footer] => \n                    [metadata] => Stripe\\StripeObject Object\n                        (\n                        )\n\n                    [rendering_options] => \n                )\n\n        )\n\n    [livemode] => \n    [locale] => \n    [metadata] => Stripe\\StripeObject Object\n        (\n        )\n\n    [mode] => payment\n    [payment_intent] => pi_3MZR5eKoxlGrMqZg0SRI7gUc\n    [payment_link] => \n    [payment_method_collection] => always\n    [payment_method_options] => Array\n        (\n        )\n\n    [payment_method_types] => Array\n        (\n            [0] => card\n        )\n\n    [payment_status] => unpaid\n    [phone_number_collection] => Stripe\\StripeObject Object\n        (\n            [enabled] => \n        )\n\n    [recovered_from] => \n    [setup_intent] => \n    [shipping] => \n    [shipping_address_collection] => \n    [shipping_options] => Array\n        (\n        )\n\n    [shipping_rate] => \n    [status] => open\n    [submit_type] => \n    [subscription] => \n    [success_url] => https://uonlive.at-onlinesystem.com/member/upgrade_success?session_id={CHECKOUT_SESSION_ID}\n    [total_details] => Stripe\\StripeObject Object\n        (\n            [amount_discount] => 0\n            [amount_shipping] => 0\n            [amount_tax] => 0\n        )\n\n    [url] => https://checkout.stripe.com/c/pay/cs_test_a1v7Z6Fo9P0Bm4M1GqG52l5SkndnXiT0KwJ3YbRrBTEpkB3t8LhcTC2VTU#fidkdWxOYHwnPyd1blpxYHZxWjA0TGFxZlNOan1pQndIdF9iVH1SbnJMUW1uV3JSSmd3b0RGTDZRb311aTI8QmhUMFFjNn1IMERPdjI3bGZmYGhBYWJxVndHb3AzSDZETFROdEBKQUJcZzZ2NTVTQmFCMmA8QScpJ2N3amhWYHdzYHcnP3F3cGApJ2lkfGpwcVF8dWAnPyd2bGtiaWBabHFgaCcpJ2BrZGdpYFVpZGZgbWppYWB3dic%2FcXdwYHgl\n)\n', 'cs_test_a1v7Z6Fo9P0Bm4M1GqG52l5SkndnXiT0KwJ3YbRrBTEpkB3t8LhcTC2VTU', 'COMPLETE', '2023-02-09 03:46:31', '2023-02-09 03:46:53');

-- --------------------------------------------------------

--
-- 資料表結構 `uonlive_suggested_keyword`
--

CREATE TABLE `uonlive_suggested_keyword` (
  `id` int(11) NOT NULL,
  `code` varchar(32) CHARACTER SET latin1 COLLATE latin1_general_ci NOT NULL,
  `tag_code` varchar(32) CHARACTER SET latin1 COLLATE latin1_general_ci NOT NULL,
  `tag_2nd_code` varchar(32) CHARACTER SET latin1 COLLATE latin1_general_ci NOT NULL,
  `name` varchar(255) NOT NULL,
  `display_order` int(11) NOT NULL,
  `status` tinyint(4) NOT NULL,
  `deleted` tinyint(4) NOT NULL,
  `create_time` int(11) NOT NULL,
  `update_time` int(11) NOT NULL
) ENGINE=InnoDB DEFAULT CHARSET=utf8mb4;

--
-- 傾印資料表的資料 `uonlive_suggested_keyword`
--

INSERT INTO `uonlive_suggested_keyword` (`id`, `code`, `tag_code`, `tag_2nd_code`, `name`, `display_order`, `status`, `deleted`, `create_time`, `update_time`) VALUES
(1, '1b8048bf31c1c154', 'u848aeR5Gdm2XOad', 'a0a908757bb0531e', 'Cake', 1, 1, 0, 2147483647, 0),
(2, '296cc15ef6c10a09', 'u848aeR5Gdm2XOad', 'a0a908757bb0531e', 'Booloon', 2, 1, 0, 2147483647, 0);

-- --------------------------------------------------------

--
-- 資料表結構 `uonlive_tag_2nd_list`
--

CREATE TABLE `uonlive_tag_2nd_list` (
  `id` int(11) NOT NULL,
  `code` varchar(32) CHARACTER SET latin1 COLLATE latin1_general_ci NOT NULL,
  `tag_code` varchar(32) CHARACTER SET latin1 COLLATE latin1_general_ci NOT NULL,
  `name` varchar(255) NOT NULL,
  `display_order` int(11) NOT NULL,
  `status` tinyint(4) NOT NULL,
  `deleted` tinyint(4) NOT NULL,
  `create_time` int(11) NOT NULL,
  `update_time` int(11) NOT NULL
) ENGINE=InnoDB DEFAULT CHARSET=utf8mb4;

--
-- 傾印資料表的資料 `uonlive_tag_2nd_list`
--

INSERT INTO `uonlive_tag_2nd_list` (`id`, `code`, `tag_code`, `name`, `display_order`, `status`, `deleted`, `create_time`, `update_time`) VALUES
(1, '80dd5e2e51cc1320', 'B5cgPHRVcDMudXoj', '五行', 1, 1, 0, 2147483647, 0),
(2, '44ad39c22dd2f504', 'B5cgPHRVcDMudXoj', '八字', 2, 1, 0, 2147483647, 0),
(3, 'bf304a74116f98d4', 'B5cgPHRVcDMudXoj', '財運', 3, 1, 0, 2147483647, 0),
(4, '1c6f65c414b4abb8', 'ZaROVvYbeW5TmlcQ', '奶茶', 4, 1, 0, 2147483647, 0),
(5, '56ee60527a9905c7', 'ZaROVvYbeW5TmlcQ', '咖啡', 5, 1, 0, 2147483647, 0),
(6, '0884b3b9bb80c81d', 'ZaROVvYbeW5TmlcQ', '西餐', 6, 1, 0, 2147483647, 0),
(7, 'c5a4fbe3a3ecf58d', 'uXmNFMw3gSBVbe4w', '古早天然', 7, 1, 0, 2147483647, 0),
(8, '7bf1405308f6ac8c', 'uXmNFMw3gSBVbe4w', '快速料理', 8, 1, 0, 2147483647, 0),
(9, 'ee1e2b1f81466985', 'uXmNFMw3gSBVbe4w', '網上超市', 9, 1, 0, 2147483647, 0),
(10, '631c6edf706b1ad2', 'sp2WROigMzrgZUNQ', '送貨', 10, 1, 0, 2147483647, 0),
(11, '26db5249d3d284f6', 'sp2WROigMzrgZUNQ', '家居清潔', 11, 1, 0, 2147483647, 0),
(12, 'f6c8e02f81438721', 'sp2WROigMzrgZUNQ', '購物', 12, 1, 0, 2147483647, 0),
(13, 'b9b10e84af3c85c3', 'fpz7MvzMSTWrH10D', '攝影', 13, 1, 0, 2147483647, 0),
(14, '7ea34b5188f1b6fe', 'fpz7MvzMSTWrH10D', '規劃', 14, 1, 0, 2147483647, 0),
(15, 'a7c8404730b1aa98', 'fpz7MvzMSTWrH10D', 'SEO', 15, 1, 0, 2147483647, 0),
(16, 'c1bd81c2b7e960d6', 'LCJTosTRt69dvMfW', '照顧小孩', 16, 1, 0, 2147483647, 0),
(17, 'eb7b9746c0e22549', 'LCJTosTRt69dvMfW', '買菜', 17, 1, 0, 2147483647, 0),
(18, '9fcb90597e034bfc', 'LCJTosTRt69dvMfW', '安排午饍', 18, 1, 0, 2147483647, 0),
(19, 'aef49458010b625d', 'PO1oP6M4IzTVl3Qz', '剪毛', 19, 1, 0, 2147483647, 0),
(20, 'ce9a3b8e99dea883', 'PO1oP6M4IzTVl3Qz', '接送', 20, 1, 0, 2147483647, 0),
(21, 'e377c584ce38c2c2', 'PO1oP6M4IzTVl3Qz', '暫托', 21, 1, 0, 2147483647, 0),
(22, '8717bbce48556357', 'sQAawlVqDX2NPFfX', '約會', 22, 1, 0, 2147483647, 0),
(23, 'e3dd1e76b8abf686', 'sQAawlVqDX2NPFfX', '公司', 23, 1, 0, 2147483647, 0),
(24, '85994d8d534731d9', 'sQAawlVqDX2NPFfX', '活動', 24, 1, 0, 2147483647, 0),
(25, '0b02fee4c6da94f6', 'MDP7MA916cwrxjWn', '游泳', 25, 1, 0, 2147483647, 0),
(26, '94a2f516fa305249', 'MDP7MA916cwrxjWn', '健身', 26, 1, 0, 2147483647, 0),
(27, '7ea69055a8309824', 'MDP7MA916cwrxjWn', '瑜珈', 27, 1, 0, 2147483647, 0),
(28, 'b6b9efd836f4d2a3', 'QmQCU8E8yT2RdAep', '維修', 28, 1, 0, 2147483647, 0),
(29, 'fdd4d3e42c6d826e', 'QmQCU8E8yT2RdAep', '買賣', 29, 1, 0, 2147483647, 0),
(30, 'a64797698846ca71', 'QmQCU8E8yT2RdAep', '檢查', 30, 1, 0, 2147483647, 0),
(31, 'b53fa093f4dbe22c', 'qOBCVbfmYlK1hH5M', '人壽', 31, 1, 0, 2147483647, 0),
(32, 'ceb60ee3c4784fad', 'qOBCVbfmYlK1hH5M', '醫療', 32, 1, 0, 2147483647, 0),
(33, '60661231ddd4341b', 'qOBCVbfmYlK1hH5M', '汽車', 33, 1, 0, 2147483647, 0),
(34, '7cf18569e575e0d0', 'eVOMr6uY8uPMDXRC', '美甲', 34, 1, 0, 2147483647, 0),
(35, '91ba916ff8042884', 'eVOMr6uY8uPMDXRC', '美白', 35, 1, 0, 2147483647, 0),
(36, '3a5687342144a689', 'eVOMr6uY8uPMDXRC', '化粧', 36, 1, 0, 2147483647, 0),
(37, 'e9b2f931c742baa3', 'Gw5mRzXb7Mjc29xv', '小學', 37, 1, 0, 2147483647, 0),
(38, 'a4e856f8768ea246', 'Gw5mRzXb7Mjc29xv', '中學', 38, 1, 0, 2147483647, 0),
(39, '9caf58908157408a', 'Gw5mRzXb7Mjc29xv', '音樂', 39, 1, 0, 2147483647, 0),
(40, '8c62586666f9e209', 'vN0ERyxAietjBVzS', '店舖', 40, 1, 0, 2147483647, 0),
(41, 'b0f3f694c5857021', 'vN0ERyxAietjBVzS', '家居', 41, 1, 0, 2147483647, 0),
(42, 'b2c8e92a2e291b5d', 'vN0ERyxAietjBVzS', '外牆', 42, 1, 0, 2147483647, 0),
(43, '9e03c3fc43a921a9', '0svEJYGqCwCLsIbJ', '家電', 43, 1, 0, 2147483647, 0),
(44, '4245113a1b51d490', '0svEJYGqCwCLsIbJ', '電子產品', 44, 1, 0, 2147483647, 0),
(45, '19396bd493c69708', '0svEJYGqCwCLsIbJ', '維修', 45, 1, 0, 2147483647, 0),
(46, '011b110b6171c1b0', '6jYjN2ygeUbObjAU', '租樓', 46, 1, 0, 2147483647, 0),
(47, '8f6f7ad63ce61fed', '6jYjN2ygeUbObjAU', '買樓', 47, 1, 0, 2147483647, 0),
(48, 'ef2c219d332026da', '6jYjN2ygeUbObjAU', '賣樓', 48, 1, 0, 2147483647, 0),
(49, '4453442b93d1de01', 'jlvKsja0gNIFos09', '除蟲', 49, 1, 0, 2147483647, 0),
(50, '6c91bded3deb44aa', 'jlvKsja0gNIFos09', '清潔', 50, 1, 0, 2147483647, 0),
(51, 'f4d8e22ee8d2e21f', 'jlvKsja0gNIFos09', '工程', 51, 1, 0, 2147483647, 0),
(52, 'a0a908757bb0531e', 'u848aeR5Gdm2XOad', '生日派對', 52, 1, 0, 2147483647, 0),
(53, 'c8fa76cc5fd517d0', 'u848aeR5Gdm2XOad', '賽事', 53, 1, 0, 2147483647, 0),
(54, '9c2b31baacc85b23', 'u848aeR5Gdm2XOad', '朋友圈', 54, 1, 0, 2147483647, 0),
(55, '495e498b3f3b6439', 'eFpezIqLNooIwoBF', '驗身', 55, 1, 0, 2147483647, 0),
(56, '4a99f95edce6df09', 'eFpezIqLNooIwoBF', '食品', 56, 1, 0, 2147483647, 0),
(57, '616ee312cd4ab105', 'eFpezIqLNooIwoBF', '養生', 57, 1, 0, 2147483647, 0),
(58, 'fc42b68b8522a3f9', 'sDhEIgbRKaAfK1FT', '電子產品', 58, 1, 0, 2147483647, 0),
(59, '7dde3fe63bb1286d', 'sDhEIgbRKaAfK1FT', '汽車', 59, 1, 0, 2147483647, 0),
(60, '3b20b6d77b5a5590', 'sDhEIgbRKaAfK1FT', '樓宇', 60, 1, 0, 2147483647, 0);

-- --------------------------------------------------------

--
-- 資料表結構 `uonlive_tag_list`
--

CREATE TABLE `uonlive_tag_list` (
  `id` int(11) NOT NULL,
  `code` varchar(16) CHARACTER SET latin1 COLLATE latin1_general_ci NOT NULL,
  `name` varchar(100) CHARACTER SET utf8mb4 NOT NULL,
  `color` varchar(20) CHARACTER SET utf8mb4 DEFAULT '#333',
  `status` tinyint(1) NOT NULL DEFAULT '1',
  `deleted` tinyint(1) NOT NULL DEFAULT '0',
  `display_order` int(11) NOT NULL DEFAULT '10',
  `remark` text CHARACTER SET utf8mb4,
  `update_time` datetime DEFAULT NULL,
  `create_time` datetime NOT NULL DEFAULT CURRENT_TIMESTAMP
) ENGINE=MyISAM DEFAULT CHARSET=utf8mb4 COLLATE=utf8mb4_unicode_ci;

--
-- 傾印資料表的資料 `uonlive_tag_list`
--

INSERT INTO `uonlive_tag_list` (`id`, `code`, `name`, `color`, `status`, `deleted`, `display_order`, `remark`, `update_time`, `create_time`) VALUES
(1, 'B5cgPHRVcDMudXoj', '命理', '#ec5565', 1, 0, 1, NULL, '2022-06-17 09:50:58', '2022-06-17 15:51:10'),
(2, 'ZaROVvYbeW5TmlcQ', '餐飲', '#6798d0', 1, 0, 2, NULL, '2022-06-17 09:50:58', '2022-06-17 15:51:10'),
(3, 'uXmNFMw3gSBVbe4w', '超市', '#5bc1a6', 1, 0, 3, NULL, '2022-06-17 09:50:58', '2022-06-17 15:51:10'),
(4, 'sp2WROigMzrgZUNQ', '幫手', '#e78888', 1, 0, 4, NULL, '2022-06-17 09:50:58', '2022-06-17 15:51:10'),
(5, 'fpz7MvzMSTWrH10D', '廣告', '#e57945', 1, 0, 5, NULL, '2022-06-17 09:50:58', '2022-06-17 15:51:10'),
(6, 'LCJTosTRt69dvMfW', '家務', '#8bc940', 1, 0, 6, NULL, '2022-06-17 09:50:58', '2022-06-17 15:51:10'),
(7, 'PO1oP6M4IzTVl3Qz', '寵物', '#ff0071', 1, 0, 7, NULL, '2022-06-17 09:50:58', '2022-06-17 15:51:10'),
(8, 'sQAawlVqDX2NPFfX', '配對', '#a20471', 1, 0, 8, NULL, '2022-06-17 09:50:58', '2022-06-17 15:51:10'),
(9, 'MDP7MA916cwrxjWn', '運動', '#9e7cb5', 1, 0, 9, NULL, '2022-06-17 09:50:58', '2022-06-17 15:51:10'),
(10, 'QmQCU8E8yT2RdAep', '汽車', '#4580e5', 1, 0, 10, NULL, '2022-06-17 09:50:58', '2022-06-17 15:51:10'),
(11, 'qOBCVbfmYlK1hH5M', '保險', '#009fb7', 1, 0, 11, NULL, '2022-06-17 09:50:58', '2022-06-17 15:51:10'),
(12, 'eVOMr6uY8uPMDXRC', '扮靚', '#ff8840', 1, 0, 12, NULL, '2022-06-17 09:50:58', '2022-06-17 15:51:10'),
(13, 'Gw5mRzXb7Mjc29xv', '補習', '#f187c0', 1, 0, 13, NULL, '2022-06-17 09:50:58', '2022-06-17 15:51:10'),
(14, 'vN0ERyxAietjBVzS', '裝修', '#a0c4ff', 1, 0, 14, NULL, '2022-06-17 09:50:58', '2022-06-17 15:51:10'),
(15, '0svEJYGqCwCLsIbJ', '電器', '#f7921e', 1, 0, 15, NULL, '2022-06-17 09:50:58', '2022-06-17 15:51:10'),
(16, '6jYjN2ygeUbObjAU', '地產', '#bdb2ff', 1, 0, 16, NULL, '2022-06-17 09:50:58', '2022-06-17 15:51:10'),
(17, 'jlvKsja0gNIFos09', '專業', '#f7ab8b', 1, 0, 17, NULL, '2022-06-17 09:50:58', '2022-06-17 15:51:10'),
(18, 'u848aeR5Gdm2XOad', '娛樂', '#29aae1', 1, 0, 18, NULL, '2022-06-17 09:50:58', '2022-06-17 15:51:10'),
(19, 'eFpezIqLNooIwoBF', '健康', '#8bc53f', 1, 0, 19, NULL, '2022-06-17 09:50:58', '2022-06-17 15:51:10'),
(20, 'sDhEIgbRKaAfK1FT', '二手', '#85c1da', 1, 0, 20, NULL, '2022-06-17 09:50:58', '2022-06-17 15:51:10');

-- --------------------------------------------------------

--
-- 資料表結構 `uonlive_website_setting`
--

CREATE TABLE `uonlive_website_setting` (
  `id` int(11) NOT NULL,
  `meta_title` varchar(255) CHARACTER SET utf8 NOT NULL,
  `meta_keyword` varchar(255) CHARACTER SET utf8 NOT NULL,
  `meta_description` text NOT NULL,
  `meta_logo` varchar(255) CHARACTER SET utf8 NOT NULL,
  `web_logo` varchar(255) CHARACTER SET utf8 NOT NULL
) ENGINE=InnoDB DEFAULT CHARSET=utf8mb4;

--
-- 傾印資料表的資料 `uonlive_website_setting`
--

INSERT INTO `uonlive_website_setting` (`id`, `meta_title`, `meta_keyword`, `meta_description`, `meta_logo`, `web_logo`) VALUES
(1, 'UonLIVE', '', '', '202206151721076564.jpg', '202206151721076564.png');

--
-- 已傾印資料表的索引
--

--
-- 資料表索引 `uonlive_area`
--
ALTER TABLE `uonlive_area`
  ADD PRIMARY KEY (`id`);

--
-- 資料表索引 `uonlive_browsing_history`
--
ALTER TABLE `uonlive_browsing_history`
  ADD PRIMARY KEY (`id`);

--
-- 資料表索引 `uonlive_contact`
--
ALTER TABLE `uonlive_contact`
  ADD PRIMARY KEY (`id`);

--
-- 資料表索引 `uonlive_conversion`
--
ALTER TABLE `uonlive_conversion`
  ADD PRIMARY KEY (`id`);

--
-- 資料表索引 `uonlive_district`
--
ALTER TABLE `uonlive_district`
  ADD PRIMARY KEY (`id`);

--
-- 資料表索引 `uonlive_hashtags`
--
ALTER TABLE `uonlive_hashtags`
  ADD PRIMARY KEY (`id`);

--
-- 資料表索引 `uonlive_landing_main`
--
ALTER TABLE `uonlive_landing_main`
  ADD PRIMARY KEY (`id`);

--
-- 資料表索引 `uonlive_landing_submenu`
--
ALTER TABLE `uonlive_landing_submenu`
  ADD PRIMARY KEY (`id`);

--
-- 資料表索引 `uonlive_media`
--
ALTER TABLE `uonlive_media`
  ADD PRIMARY KEY (`id`);

--
-- 資料表索引 `uonlive_media_hashtag`
--
ALTER TABLE `uonlive_media_hashtag`
  ADD PRIMARY KEY (`id`);

--
-- 資料表索引 `uonlive_media_news`
--
ALTER TABLE `uonlive_media_news`
  ADD PRIMARY KEY (`id`);

--
-- 資料表索引 `uonlive_media_photo`
--
ALTER TABLE `uonlive_media_photo`
  ADD PRIMARY KEY (`id`);

--
-- 資料表索引 `uonlive_media_video`
--
ALTER TABLE `uonlive_media_video`
  ADD PRIMARY KEY (`id`);

--
-- 資料表索引 `uonlive_members`
--
ALTER TABLE `uonlive_members`
  ADD PRIMARY KEY (`id`);

--
-- 資料表索引 `uonlive_members_bookmark`
--
ALTER TABLE `uonlive_members_bookmark`
  ADD PRIMARY KEY (`id`);

--
-- 資料表索引 `uonlive_members_like`
--
ALTER TABLE `uonlive_members_like`
  ADD PRIMARY KEY (`id`);

--
-- 資料表索引 `uonlive_page_settings`
--
ALTER TABLE `uonlive_page_settings`
  ADD PRIMARY KEY (`id`);

--
-- 資料表索引 `uonlive_providers`
--
ALTER TABLE `uonlive_providers`
  ADD PRIMARY KEY (`id`);

--
-- 資料表索引 `uonlive_providers_brand`
--
ALTER TABLE `uonlive_providers_brand`
  ADD PRIMARY KEY (`id`);

--
-- 資料表索引 `uonlive_providers_hashtag`
--
ALTER TABLE `uonlive_providers_hashtag`
  ADD PRIMARY KEY (`id`);

--
-- 資料表索引 `uonlive_providers_service`
--
ALTER TABLE `uonlive_providers_service`
  ADD PRIMARY KEY (`id`);

--
-- 資料表索引 `uonlive_providers_service_photo`
--
ALTER TABLE `uonlive_providers_service_photo`
  ADD PRIMARY KEY (`id`);

--
-- 資料表索引 `uonlive_providers_socials`
--
ALTER TABLE `uonlive_providers_socials`
  ADD PRIMARY KEY (`id`);

--
-- 資料表索引 `uonlive_purchasing_info`
--
ALTER TABLE `uonlive_purchasing_info`
  ADD PRIMARY KEY (`id`);

--
-- 資料表索引 `uonlive_suggested_keyword`
--
ALTER TABLE `uonlive_suggested_keyword`
  ADD PRIMARY KEY (`id`);

--
-- 資料表索引 `uonlive_tag_2nd_list`
--
ALTER TABLE `uonlive_tag_2nd_list`
  ADD PRIMARY KEY (`id`);

--
-- 資料表索引 `uonlive_tag_list`
--
ALTER TABLE `uonlive_tag_list`
  ADD PRIMARY KEY (`id`);

--
-- 資料表索引 `uonlive_website_setting`
--
ALTER TABLE `uonlive_website_setting`
  ADD PRIMARY KEY (`id`);

--
-- 在傾印的資料表使用自動遞增(AUTO_INCREMENT)
--

--
-- 使用資料表自動遞增(AUTO_INCREMENT) `uonlive_area`
--
ALTER TABLE `uonlive_area`
  MODIFY `id` int(11) NOT NULL AUTO_INCREMENT, AUTO_INCREMENT=8;

--
-- 使用資料表自動遞增(AUTO_INCREMENT) `uonlive_browsing_history`
--
ALTER TABLE `uonlive_browsing_history`
  MODIFY `id` int(11) NOT NULL AUTO_INCREMENT, AUTO_INCREMENT=1183;

--
-- 使用資料表自動遞增(AUTO_INCREMENT) `uonlive_contact`
--
ALTER TABLE `uonlive_contact`
  MODIFY `id` int(11) NOT NULL AUTO_INCREMENT, AUTO_INCREMENT=3;

--
-- 使用資料表自動遞增(AUTO_INCREMENT) `uonlive_conversion`
--
ALTER TABLE `uonlive_conversion`
  MODIFY `id` int(11) NOT NULL AUTO_INCREMENT, AUTO_INCREMENT=17;

--
-- 使用資料表自動遞增(AUTO_INCREMENT) `uonlive_district`
--
ALTER TABLE `uonlive_district`
  MODIFY `id` int(11) NOT NULL AUTO_INCREMENT, AUTO_INCREMENT=32;

--
-- 使用資料表自動遞增(AUTO_INCREMENT) `uonlive_hashtags`
--
ALTER TABLE `uonlive_hashtags`
  MODIFY `id` int(11) NOT NULL AUTO_INCREMENT, AUTO_INCREMENT=41;

--
-- 使用資料表自動遞增(AUTO_INCREMENT) `uonlive_landing_main`
--
ALTER TABLE `uonlive_landing_main`
  MODIFY `id` int(11) NOT NULL AUTO_INCREMENT, AUTO_INCREMENT=11;

--
-- 使用資料表自動遞增(AUTO_INCREMENT) `uonlive_media`
--
ALTER TABLE `uonlive_media`
  MODIFY `id` int(11) NOT NULL AUTO_INCREMENT, AUTO_INCREMENT=7;

--
-- 使用資料表自動遞增(AUTO_INCREMENT) `uonlive_media_hashtag`
--
ALTER TABLE `uonlive_media_hashtag`
  MODIFY `id` int(11) NOT NULL AUTO_INCREMENT, AUTO_INCREMENT=15;

--
-- 使用資料表自動遞增(AUTO_INCREMENT) `uonlive_media_news`
--
ALTER TABLE `uonlive_media_news`
  MODIFY `id` int(11) NOT NULL AUTO_INCREMENT, AUTO_INCREMENT=2;

--
-- 使用資料表自動遞增(AUTO_INCREMENT) `uonlive_media_photo`
--
ALTER TABLE `uonlive_media_photo`
  MODIFY `id` int(11) NOT NULL AUTO_INCREMENT, AUTO_INCREMENT=5;

--
-- 使用資料表自動遞增(AUTO_INCREMENT) `uonlive_media_video`
--
ALTER TABLE `uonlive_media_video`
  MODIFY `id` int(11) NOT NULL AUTO_INCREMENT, AUTO_INCREMENT=2;

--
-- 使用資料表自動遞增(AUTO_INCREMENT) `uonlive_members`
--
ALTER TABLE `uonlive_members`
  MODIFY `id` int(11) NOT NULL AUTO_INCREMENT, AUTO_INCREMENT=50;

--
-- 使用資料表自動遞增(AUTO_INCREMENT) `uonlive_members_bookmark`
--
ALTER TABLE `uonlive_members_bookmark`
  MODIFY `id` int(11) NOT NULL AUTO_INCREMENT, AUTO_INCREMENT=4;

--
-- 使用資料表自動遞增(AUTO_INCREMENT) `uonlive_members_like`
--
ALTER TABLE `uonlive_members_like`
  MODIFY `id` int(11) NOT NULL AUTO_INCREMENT, AUTO_INCREMENT=6;

--
-- 使用資料表自動遞增(AUTO_INCREMENT) `uonlive_providers`
--
ALTER TABLE `uonlive_providers`
  MODIFY `id` int(11) NOT NULL AUTO_INCREMENT, AUTO_INCREMENT=21;

--
-- 使用資料表自動遞增(AUTO_INCREMENT) `uonlive_providers_brand`
--
ALTER TABLE `uonlive_providers_brand`
  MODIFY `id` int(11) NOT NULL AUTO_INCREMENT, AUTO_INCREMENT=11;

--
-- 使用資料表自動遞增(AUTO_INCREMENT) `uonlive_providers_hashtag`
--
ALTER TABLE `uonlive_providers_hashtag`
  MODIFY `id` int(11) NOT NULL AUTO_INCREMENT, AUTO_INCREMENT=1240;

--
-- 使用資料表自動遞增(AUTO_INCREMENT) `uonlive_providers_service`
--
ALTER TABLE `uonlive_providers_service`
  MODIFY `id` int(11) NOT NULL AUTO_INCREMENT, AUTO_INCREMENT=11;

--
-- 使用資料表自動遞增(AUTO_INCREMENT) `uonlive_providers_service_photo`
--
ALTER TABLE `uonlive_providers_service_photo`
  MODIFY `id` int(11) NOT NULL AUTO_INCREMENT, AUTO_INCREMENT=17;

--
-- 使用資料表自動遞增(AUTO_INCREMENT) `uonlive_providers_socials`
--
ALTER TABLE `uonlive_providers_socials`
  MODIFY `id` int(11) NOT NULL AUTO_INCREMENT, AUTO_INCREMENT=23;

--
-- 使用資料表自動遞增(AUTO_INCREMENT) `uonlive_purchasing_info`
--
ALTER TABLE `uonlive_purchasing_info`
  MODIFY `id` int(11) NOT NULL AUTO_INCREMENT, AUTO_INCREMENT=21;

--
-- 使用資料表自動遞增(AUTO_INCREMENT) `uonlive_suggested_keyword`
--
ALTER TABLE `uonlive_suggested_keyword`
  MODIFY `id` int(11) NOT NULL AUTO_INCREMENT, AUTO_INCREMENT=3;

--
-- 使用資料表自動遞增(AUTO_INCREMENT) `uonlive_tag_2nd_list`
--
ALTER TABLE `uonlive_tag_2nd_list`
  MODIFY `id` int(11) NOT NULL AUTO_INCREMENT, AUTO_INCREMENT=61;

--
-- 使用資料表自動遞增(AUTO_INCREMENT) `uonlive_tag_list`
--
ALTER TABLE `uonlive_tag_list`
  MODIFY `id` int(11) NOT NULL AUTO_INCREMENT, AUTO_INCREMENT=21;
COMMIT;

/*!40101 SET CHARACTER_SET_CLIENT=@OLD_CHARACTER_SET_CLIENT */;
/*!40101 SET CHARACTER_SET_RESULTS=@OLD_CHARACTER_SET_RESULTS */;
/*!40101 SET COLLATION_CONNECTION=@OLD_COLLATION_CONNECTION */;
